"Thai","PhysicalAct","Math","Art","Science","Industrial","Social","English","Province"
4,4,3.6,4,3.66,3.68,3.93,3.5,"Kalasin"
3.5,3.93,3.25,3.75,2.69,3.26,3.37,2.6,"Ubon Ratchathani"
3.77,3.93,3.35,4,3.48,4,4,2.81,"Amnat Charoen"
1,1,1,1,1,1,1,1,"Ubon Ratchathani"
3.25,3.87,2.32,3.5,3.02,3.12,3.87,2.93,"Nong Bua Lam Phu"
3.5,3.93,2.8,2.75,2.65,3.03,3.56,2.92,"Nakhon Phanom"
2.5,3.5,2.75,3.5,2.86,3.09,3.5,2.25,"Ubon Ratchathani"
3.5,3.87,2.62,3.87,2.56,3.87,3.5,2.2,"Surin"
2.25,3.62,2.2,3.62,2.35,3.5,2.62,2.12,"Roi Et"
3.37,3.75,3.4,3.87,3.05,3.89,3.84,2.75,"Nong Khai"
3.25,3.62,3.87,3.75,3.44,3.56,3.37,2.62,"Ubon Ratchathani"
3.75,3.5,3.61,4,3.58,3.9,3.87,3.1,"Si Sa Ket"
2.87,3.56,2.22,3.58,1.65,3,2.54,2.25,"Ubon Ratchathani"
2.5,3.87,3.35,3.62,2.87,3.25,3.25,2.62,"Khon Kaen"
2,3.81,2.25,3.75,2.9,3.54,3.62,3.06,"Si Sa Ket"
0.34,3,2.04,3.12,1.68,3.33,3,1.95,"Ubon Ratchathani"
3,3.75,2.5,0,2.5,3.13,2.75,3.43,"Yasothon"
3,3.5,2.5,4,2.5,3,2,3,"Yasothon"
3.25,3.91,2.87,3.5,2.07,3.08,3.2,2.25,"Surin"
3.37,3.62,1.71,3.62,2.67,3.62,3.6,2.54,"Ubon Ratchathani"
2.87,3.81,3.15,3.62,3.25,3.87,3.66,3.38,"Ubon Ratchathani"
4,4,3.78,4,3.28,4,3.83,3.56,"Roi Et"
3.5,3.16,2.47,3.5,2.21,3.4,2.9,3.37,"Ubon Ratchathani"
3.75,3.87,3.75,4,3.73,3.93,4,3.62,"Amnat Charoen"
3,3.93,2.35,4,2.21,3.8,2.95,2.66,"Kalasin"
2.25,3.56,1.85,3.75,2.46,3,2.93,2.25,"Udon Thani"
3.87,3.75,2.9,3.75,3.15,3.63,3.87,2.81,"Yasothon"
3.25,4,2.69,4,2.69,3.5,3.81,3,"Khon Kaen"
2.62,4,2.82,3.37,2.22,2.5,3,2.37,"Roi Et"
2.87,4,3.62,3.5,3.26,3.75,3,2.62,"Chaiyaphum"
2.62,3.75,2.2,3.87,2.2,3.5,2.75,2.5,"Roi Et"
3.25,3.75,2.5,3.87,2.57,3.75,3.75,2.12,"Mukdahan"
1.58,2.25,1.16,2,1.15,2.75,2.41,1.08,"Ubon Ratchathani"
2.87,3.75,1.95,3.37,2.1,3.37,2.62,2.57,"Roi Et"
2.95,3.12,3.5,3.81,3.03,3.41,3.58,2.12,"Surin"
4,3.85,3.27,4,2.94,3.25,3.75,3.18,"Kalasin"
3.75,3.5,3.44,3.75,3.06,3.25,3.7,3.09,"Khon Kaen"
3.66,3.62,2.47,4,3.66,3.37,3.87,2.25,"Surin"
3.62,3.62,3,4,3.2,3.87,4,4,"Amnat Charoen"
3.25,3.9,2.7,4,2.31,3.7,3.87,2.5,"Ubon Ratchathani"
2.87,4,2.87,3.87,2.71,3.62,3.45,2.37,"Loei"
4,3.87,3.9,3.75,3.63,3.75,3.45,2.62,"Nong Bua Lam Phu"
3.37,3.75,2.2,3.9,2.96,3.75,3.72,3.37,"Udon Thani"
2.37,4,2.41,3.25,2.7,3.42,2.89,2.73,"Nong Bua Lam Phu"
3.25,3.68,2.83,3.87,2.31,3.91,3.54,2.87,"Si Sa Ket"
3.75,3.87,3.62,3.87,2.96,4,3.64,2.92,"Amnat Charoen"
2.87,3.25,2.6,3.12,2.09,3.31,3.18,2.25,"Si Sa Ket"
3.25,3.43,2.3,3.25,2.97,3.29,2.86,1.67,"Si Sa Ket"
3,3.37,3.87,3.5,3.29,3.55,3.56,2.87,"Buri Ram"
4,3.78,3.33,4,3.77,3.75,3.93,3.5,"Si Sa Ket"
2,3.37,3.22,4,2.37,2.5,2.5,1.29,"Ubon Ratchathani"
3.5,3.62,2,3.6,2.63,3.37,3.18,2.25,"Udon Thani"
3.37,3.62,3.31,3.75,2.89,4,3.62,2.87,"Nakhon Ratchasima"
3.25,2.56,3,3.12,2.52,3.25,3,2.12,"Yasothon"
3.25,3.5,3.45,3.12,2.81,3.25,3.62,2.97,"Ubon Ratchathani"
3.12,3.5,3.52,0,3,3.87,2.87,3.75,"Yasothon"
3.5,3.93,3.1,3.87,3.47,3.87,2.5,3.7,"Ubon Ratchathani"
2.9,4,3.37,3,2.71,3.37,3.75,2.87,"Ubon Ratchathani"
2,2,2,2,2,2,2,2,"Ubon Ratchathani"
3.25,3.94,3.08,3.75,2.92,3.91,3.58,3.35,"Surin"
3.25,4,2.65,4,2.87,3.25,3,2.12,"Sakon Nakhon"
3.25,3.87,1.84,3.7,2.4,3.12,3,2.62,"Udon Thani"
3.12,4,3.05,3.87,3.26,3.9,3.76,2.5,"Ubon Ratchathani"
3.25,3.62,2.12,3,1.59,3,2.62,2.5,"Roi Et"
3,3,2,3,3,2,3,2,"Surin"
2.25,2.87,3.14,3.12,2.09,3.5,2.28,2.67,"Ubon Ratchathani"
2.5,3.87,3.27,3.87,2.83,4,3.56,3,"Si Sa Ket"
3.61,4,3.57,3.75,2.97,3.5,3.75,2.53,"Amnat Charoen"
3.5,4,2.45,3.5,2.9,3.68,3.25,3.37,"Sa Kaeo"
3.38,4,3,4,3.17,3.94,3.5,3.88,"Si Sa Ket"
2.62,3.12,2,3.62,2.75,3.58,2.62,2.06,"Yasothon"
3.87,3.25,2.37,2.87,2.45,3.16,3.5,2.12,"Si Sa Ket"
4,4,3.75,3.9,3.83,3.96,3.91,3.37,"Si Sa Ket"
3.12,3.83,2.76,3.12,2.77,3.6,3.12,2.64,"Sakon Nakhon"
3.12,4,3,4,2.78,3.86,3.09,2.5,"Kalasin"
2.25,3.5,2.81,3.25,2.08,3.55,2.43,2.55,"Buri Ram"
3.62,4,3.56,3.87,3.7,4,3.75,3.56,"Amnat Charoen"
4,3.87,3.27,3.25,3.47,3.75,3.42,3.12,"Si Sa Ket"
2.62,3.87,2.43,3,2.19,3.5,2.75,2.12,"Nakhon Phanom"
3.62,4,3.05,4,3.75,3.81,3.37,3.85,"Roi Et"
3.66,3.75,2.83,3.33,3.35,3.91,3.76,3.34,"Khon Kaen"
3.33,3.75,1.46,4,2.93,3.88,3.38,2.4,"Si Sa Ket"
2.25,3,1.83,4,1.66,3.17,1.75,1.68,"Ubon Ratchathani"
3.65,3.33,3.45,3.87,3.47,4,3.33,3.31,"Si Sa Ket"
3.5,3.25,3.37,3.62,3.1,2.95,3.65,3.5,"Ubon Ratchathani"
3.87,4,2.87,4,3.22,3.5,3.91,3.87,"Roi Et"
3.75,4,3.22,3.37,3.61,3.31,2.93,2.12,"Si Sa Ket"
1.9,3.12,2.41,3.58,2.38,3.16,2.83,2.69,"Ubon Ratchathani"
2,3,2.22,3.37,2.37,3.43,2.95,2.52,"Ubon Ratchathani"
2.37,3.75,3.02,3.68,2,3.5,3.78,1.87,"Khon Kaen"
2.87,4,2.78,4,3.3,3.8,3.12,2.53,"Ubon Ratchathani"
2.5,3.37,3.12,4,2.74,3.81,4,1.53,"Udon Thani"
3.75,4,4,3.87,3.37,3.75,3.75,3.12,"Amnat Charoen"
2.62,3.62,3.35,2.87,3.08,3,3.5,3.2,"Ubon Ratchathani"
2.72,4,2.32,3.25,2.73,3.5,3.37,2.72,"Ubon Ratchathani"
3,3.66,3.37,3.9,3.2,3.87,3.5,3,"Ubon Ratchathani"
3.87,3.87,2.29,4,3.48,3.6,3.93,2.91,"Si Sa Ket"
2.62,3.5,2,3.5,2.57,3.65,2.81,2.78,"Buri Ram"
3.33,4,3.26,3.7,3.28,2.87,3.74,3.25,"Chaiyaphum"
3.16,3.5,3.55,3.87,3.47,3.5,3.75,3.53,"Si Sa Ket"
2.87,3.4,1.57,3.37,1.61,3.75,3.53,2.78,"Ubon Ratchathani"
3.62,3.56,2.87,3.5,3.2,3.87,3.54,3.94,"Ubon Ratchathani"
3,4,3.6,3.75,3.67,4,3.93,4,"Ubon Ratchathani"
3.75,4,2.81,4,3.02,3.91,3.12,2.75,"Roi Et"
3.75,4,3.52,3.87,2.34,4,3.91,2.75,"Kalasin"
3.01,3.25,3.16,3.37,2.86,3.25,3.25,2.95,"Ubon Ratchathani"
3,3.75,1.79,3.37,2.17,2.87,3.5,2.8,"Roi Et"
4,3,4,4,3.52,4,3.29,4,"Si Sa Ket"
3.9,3.93,3.5,2.75,3.11,3.54,3.4,2.79,"Nong Bua Lam Phu"
4,4,4,4,3.96,4,4,3.87,"Surin"
2.75,4,3.91,3.12,3.35,3.83,3.37,2.5,"Roi Et"
3.25,4,2.72,4,2.8,3.4,3.25,2.5,"Khon Kaen"
3.25,3.9,3,0,3.55,3.79,3.5,2.93,"Si Sa Ket"
2.58,3.08,1.34,3.41,1.56,3.41,3.22,1.86,"Ubon Ratchathani"
3.25,4,4,4,3.12,3.81,3.62,3.75,"Bueng Kan"
3.25,4,2.83,3.87,2.64,3.57,3.08,2.25,"Chaiyaphum"
2.75,3.25,2.45,3.12,2.44,3.62,2.62,2,"Yasothon"
3.8,3.58,3.79,3.5,3.56,3.75,3.77,3.25,"Si Sa Ket"
2.5,3.84,2.97,2.37,3.18,3.33,2.75,2.76,"Amnat Charoen"
3.5,4,2.77,4,3,4,3.62,3.06,"Si Sa Ket"
3,4,3.25,4,3.47,3.62,3.25,3.33,"Ubon Ratchathani"
3.37,4,3.25,4,3.38,3.66,3.93,2.87,"Roi Et"
3.62,4,3.62,4,3.15,3.62,3.5,2.75,"Ubon Ratchathani"
3.37,3.5,3.42,3.37,2.69,3.87,2.81,3,"Udon Thani"
3.87,3.5,3.83,3.37,3.47,3.93,4,3.45,"Yasothon"
3.87,4,3.68,4,3,3.87,3.75,3.12,"Amnat Charoen"
3.16,4,2.73,3.75,3.1,4,3.58,2.58,"Khon Kaen"
4,3.87,3.67,3.5,3.3,3.6,3.68,3.37,"Surin"
3.41,4,2.21,2.91,2.85,2.42,3.41,3.2,"Nong Bua Lam Phu"
3.55,3.66,2.78,3.87,3.02,3.8,3.75,2.83,"Udon Thani"
3.7,3.37,2.07,4,3.17,3.75,3.37,2.46,"Yasothon"
3.87,3.87,3.84,4,3.33,3.87,3.62,3.5,"Amnat Charoen"
4,3.68,1.87,3.43,2.53,3.25,3.25,3.37,"Mukdahan"
2.37,3.87,1.77,2.5,2.74,3.62,3.62,2.75,"Yasothon"
1.58,3.08,2.56,2.86,2.11,2.45,2.55,1.81,"Samut Prakan"
3.25,4,3.75,4,2.96,3.88,3.87,2.57,"Roi Et"
2.25,3.37,2.27,3.25,2.8,3,2.5,2.67,"Ubon Ratchathani"
3.83,3.5,4,4,3.86,4,3.81,4,"Si Sa Ket"
3.22,3.68,3.2,3.75,2.32,3.12,3.62,2.1,"Sakon Nakhon"
1,2.66,1.71,0,2.65,2.8,1.5,1.37,"Surin"
3.5,3.75,3.12,3.5,3.18,3.62,3.5,1.87,"Mukdahan"
2.37,3.06,2.63,3.08,1.54,3.62,3.07,2.8,"Ubon Ratchathani"
2.7,4,2.07,2.62,2.11,3.62,2.87,3,"Ubon Ratchathani"
2.87,4,2.86,3.87,2.94,4,3.87,3,"Sakon Nakhon"
3.62,3.81,2.67,3.75,2.64,3.41,3,2.91,"Sakon Nakhon"
3,3.37,1.06,3.25,1.76,3.42,3,2.12,"Amnat Charoen"
2.87,3.25,2.12,2.62,3.02,3.37,3.27,2.21,"Si Sa Ket"
3,3.75,3.47,3.75,2.61,4,3.87,3.12,"Khon Kaen"
3.5,3.9,2.87,4,2.27,3.4,3.25,2.62,"Ubon Ratchathani"
2.12,2.5,2.55,2.25,2.05,2.25,3.37,1.7,"Ubon Ratchathani"
3,3.43,2.47,3.5,2.81,3.62,1.87,2.32,"Ubon Ratchathani"
3.12,3.62,3.5,4,3.44,3.91,3.5,3.07,"Yasothon"
3.25,4,3.25,4,3.13,3.93,3.5,3.12,"Kalasin"
3.5,3.37,3.7,3.62,3.05,3.3,3.5,2.91,"Ubon Ratchathani"
3.12,3.87,1.95,3.37,2.73,3.66,2.7,2.81,"Amnat Charoen"
3.75,3.62,3.91,4,3.88,3.62,3.75,3.75,"Buri Ram"
3,4,3.36,4,2.21,3.25,3.66,2.5,"Kalasin"
3.75,3.68,3.84,3.87,3.92,3.87,3.92,3.83,"Ubon Ratchathani"
3,3,2,2,3.5,3,1.5,2.12,"Si Sa Ket"
3.75,4,2.12,3.5,2.52,3.67,2.5,2.75,"Roi Et"
3.12,4,1.91,3.62,2.44,3.87,3.12,3,"Roi Et"
3.2,3.5,2.54,3,2.6,3.5,3.08,2.62,"Si Sa Ket"
2.75,3.56,2.73,4,2.5,3.33,3.04,2.37,"Si Sa Ket"
3.12,3.87,3.07,3.87,3.65,4,3.88,3,"Ubon Ratchathani"
3.25,4,3.35,4,2.81,3.81,3.5,3.71,"Amnat Charoen"
3.37,4,2.75,4,3.35,3.72,3.46,2.69,"Kalasin"
3.5,4,2.52,3.5,2.73,2.68,3.25,2.75,"Kalasin"
3.62,3.75,2.45,3.5,2.43,3.75,3.62,2.87,"Roi Et"
3.44,3.91,3.89,3.9,3.46,3.66,3.66,3.06,"Si Sa Ket"
2.75,3.37,3.68,3.87,2.77,3.06,2.75,2.87,"Amnat Charoen"
3.75,3.87,3.25,3,3.17,3.5,4,2.65,"Nong Bua Lam Phu"
2.2,3.77,2.05,3.11,2.17,3.58,2.84,1.93,"Khon Kaen"
3.25,3.62,2.8,4,3.57,3.81,3.37,3.08,"Ubon Ratchathani"
4,3.87,3.65,3.5,3.63,3.75,3.62,3.75,"Mukdahan"
3.62,4,4,4,3.42,3.81,3.87,3.71,"Amnat Charoen"
3.12,4,2.1,3.25,2.03,3.33,3.62,2.25,"Surin"
2.87,3.12,2.32,3.37,2.35,3.05,3.07,2.2,"Ubon Ratchathani"
3,3.75,3.02,3.5,2.48,2.8,3.31,3.12,"Surin"
3.25,4,2.75,3.37,2.1,3.25,2.87,3.37,"Roi Et"
3.62,3.87,2.13,3.3,2.81,3.62,3.68,2.37,"Udon Thani"
3.2,2.83,2.91,2.5,3,2.8,3.08,2.5,"Si Sa Ket"
2,3.25,2.3,3,2.82,3.43,1.62,2.22,"Ubon Ratchathani"
2.87,3.93,3.18,3.25,3.61,3.85,3.86,2.95,"Si Sa Ket"
3.25,3.94,3.36,3.75,2.71,4,3.55,3,"Surin"
3.87,3.5,3.32,3.75,3.04,3.5,3.68,3.62,"Ubon Ratchathani"
1.66,2.54,1.31,2.83,1.35,3.37,1.98,1.5,"Ubon Ratchathani"
3.5,4,3.22,4,3.32,3.9,3.7,2.78,"Kalasin"
2,3.33,3.12,2.5,2.46,3,3.35,1.87,"Amnat Charoen"
3.5,4,2.7,3.68,2.22,3.37,3.5,3.26,"Ubon Ratchathani"
2.75,3.5,2.28,3,2.25,3.62,3.21,2.23,"Ubon Ratchathani"
3.75,3.75,3.55,3.75,4,3.68,3.87,2.62,"Ubon Ratchathani"
2.3,3.94,2.83,3.66,2.59,3.71,3.63,2.96,"Khon Kaen"
2.62,3.31,2.27,3.5,3.01,3.5,3.25,3.5,"Yasothon"
2.94,3.76,3.17,1.75,3,3.41,3.06,2.61,"Amnat Charoen"
2.25,1.5,2.5,2.46,2.5,2.25,2.5,2.5,"Ubon Ratchathani"
0,0,0,0,0,0,0,0,"Ubon Ratchathani"
1.66,1.91,1.46,0,1.06,2.22,2.12,1.14,"Ubon Ratchathani"
3.37,3.31,2.26,3.25,1.7,3.87,2.96,3.38,"Ubon Ratchathani"
3.87,3.93,3.67,4,3.23,4,4,3.78,"Surin"
3.33,3.16,2.25,3.16,2.66,2.91,3.35,2.55,"Khon Kaen"
3.87,3.75,2.35,3.62,3.18,2.71,3.68,2.8,"Si Sa Ket"
3.37,3.5,3.7,3.62,3.59,3.8,3.75,3,"Ubon Ratchathani"
2.5,3.75,3.12,3.87,2.41,3.87,3.25,2.37,"Roi Et"
3,3.5,3.6,0,3.59,3.81,3.6,3,"Ubon Ratchathani"
3.07,3.22,2.67,3.4,2.44,2.73,3.14,2.45,"Si Sa Ket"
2.7,3,2.5,3.25,2.36,2.5,3.13,2.25,"Si Sa Ket"
3.62,4,3.21,4,3.06,4,3.16,2.03,"Roi Et"
3.37,3.75,3.87,4,3.78,3.68,3.87,2.62,"Yasothon"
3.75,4,3.7,4,3.51,3.95,3.75,3.66,"Kalasin"
3.37,3.37,2.65,4,2.58,3.54,3,3.37,"Si Sa Ket"
3.25,4,3.83,4,3.38,3.57,3.25,3.75,"Roi Et"
2.5,3.5,1.85,2.25,2.56,3.18,2.75,1.75,"Ubon Ratchathani"
3,3.75,3.07,3.75,2.5,3.33,3.06,2.37,"Si Sa Ket"
2.62,3.37,2.5,3.16,2.91,3.08,1.75,1.27,"Ubon Ratchathani"
2.75,3.35,2.19,2.66,2.68,3.5,2.5,2.13,"Ubon Ratchathani"
3,3.37,1.79,3.62,2.04,2.88,3.12,2.63,"Chaiyaphum"
2.75,3.87,2.36,3.75,2.56,3.66,3.31,2.12,"Sakon Nakhon"
3.62,4,3.47,4,2.91,3.75,3.93,3.5,"Si Sa Ket"
2.5,3.75,2.33,3.75,2.56,3.37,3.37,2.9,"Roi Et"
3.12,4,3.81,3.62,3.17,3.56,3.91,3.5,"Maha Sarakham"
2.85,3.5,3.08,3.37,3.17,3.05,3.11,3.12,"Si Sa Ket"
2,2.62,1.22,0,1.78,0,2.37,2.2,"Nonthaburi"
3.5,3.5,2.22,3.87,3.29,3.83,3.87,2.63,"Chon Buri"
2.91,3.37,3.65,3.62,3.2,3.62,3.12,2.06,"Si Sa Ket"
2,4,3.35,3.8,2.82,3.31,3.06,3.03,"Si Sa Ket"
2.45,3.31,2.72,2.5,1.93,3.5,3,2.21,"Ubon Ratchathani"
3.5,4,2.67,4,2.53,3.25,3.54,2.21,"Udon Thani"
1.5,0,3.25,0,4,3.73,3.16,2.91,"Si Sa Ket"
0,0,0,0,0,0,0,0,"Si Sa Ket"
3.12,3.75,2.7,3.12,2.32,3.86,2.87,3.71,"Surin"
3.12,3.37,2.43,3.37,2.35,3.56,2.87,2.62,"Nakhon Ratchasima"
4,3.5,2.81,4,3.49,3.75,3.83,3.56,"Khon Kaen"
3.75,3.87,3.95,0,3.84,3.81,3.5,3.81,"Ubon Ratchathani"
3.75,3.62,2.67,3.87,2.63,3.95,3.87,4,"Ubon Ratchathani"
2.37,3.81,2.81,3.25,2.91,3.6,3.43,2.25,"Si Sa Ket"
3.87,3.75,3.85,3.75,3.53,3.83,3.86,3.38,"Bueng Kan"
3.37,4,3.27,3.75,2.37,3.75,4,2.75,"Roi Et"
3.62,4,3.5,4,3.31,3.93,3.92,3.25,"Si Sa Ket"
3.25,3.62,2.31,3.5,2.37,3.61,3.81,2.56,"Udon Thani"
4,4,4,4,4,4,4,4,"Bueng Kan"
3.25,2.21,3.12,3.7,3.47,3.37,3,2.9,"Khon Kaen"
4,3.75,3.82,0,3.33,3.6,3.85,4,"Ubon Ratchathani"
2.87,3.5,2.85,3.5,2.82,3.37,3.25,2.65,"Ubon Ratchathani"
2.87,4,3.27,3.75,2.79,3.91,3.5,2.5,"Si Sa Ket"
3.75,3.93,3.31,3.87,3.29,3.88,3.75,3.2,"Maha Sarakham"
3.25,3.75,3.42,3.75,3.4,4,3.89,2.69,"Ubon Ratchathani"
3.25,3.62,2,2.87,2.96,3.12,2.87,2.07,"Udon Thani"
3.59,3.93,2.91,3,2.86,3.27,3.65,3.02,"Nong Bua Lam Phu"
1.91,2.66,1.77,3.25,1.63,3,2.71,1.56,"Ubon Ratchathani"
3.75,3.62,3.57,3.5,3.11,3.37,4,3.5,"Nong Bua Lam Phu"
3.37,3.75,3.02,2.75,2.56,3.37,3.75,2.88,"Ubon Ratchathani"
3,3.33,2.9,3.9,2.74,3.8,3.07,3.12,"Ubon Ratchathani"
3.5,3.37,3.77,3.5,3.3,2.65,3.34,3.33,"Ubon Ratchathani"
3.37,3.75,3.12,3.25,3.52,3.12,3.03,3.12,"Yasothon"
2.5,3.75,2.7,3.5,2.87,3.75,3.5,2.62,"Si Sa Ket"
3.12,4,3.6,3.75,3.67,3.85,4,4,"Ubon Ratchathani"
3.62,3.87,3.44,3.75,3.32,3.6,3.5,2.9,"Ubon Ratchathani"
3.37,3.87,2.32,4,3.3,4,3.6,3.5,"Kalasin"
3.25,3.81,4,4,3.77,3.96,3.43,2.87,"Si Sa Ket"
3.36,3.62,2.83,3.78,2.9,3.79,3.26,2.57,"Surin"
3.15,3.75,2.41,3.9,2.77,3.7,3.12,2.66,"Surin"
2.37,4,3.81,4,3.43,4,4,2.92,"Udon Thani"
3.25,4,2.58,4,2.63,3.83,3.1,2.91,"Kalasin"
2.28,3.25,2.83,2.87,2.28,3.1,2.72,1.92,"Amnat Charoen"
2.3,3.27,2.77,2.66,2.28,3.27,2.71,1.87,"Amnat Charoen"
3.5,3.37,2.57,3.87,2.75,3.46,2.96,2.6,"Ubon Ratchathani"
3.87,4,4,3.87,3.62,4,3.75,3.5,"Roi Et"
1.61,2.83,1.25,2.83,2.23,2.53,2.45,1.78,"Ubon Ratchathani"
3.5,3.25,2.2,3.75,2.85,3.87,3.62,1.87,"Ubon Ratchathani"
2.87,3,1.47,2.75,2.36,2.87,2.62,2.12,"Ubon Ratchathani"
3.62,3.75,3,3.87,3.38,3.3,3.88,3.04,"Ubon Ratchathani"
3.12,4,2.81,4,3.15,4,3.87,3.75,"Roi Et"
3.45,3.87,3.42,4,3.96,4,3.5,3.39,"Yasothon"
3,3.25,1.95,2.5,2.76,2.87,3,1.37,"Ubon Ratchathani"
3.5,3.62,3.27,3,2.6,3.81,3.87,3.25,"Ubon Ratchathani"
3.37,3.87,2.67,3.5,2.98,3.66,3.83,2.81,"Amnat Charoen"
4,3.6,2.95,3.1,3.17,3.7,3.7,3.92,"Khon Kaen"
4,3.75,3,3.37,3.12,3.87,3.62,3.9,"Khon Kaen"
3.3,3.7,2.85,3.4,2.18,3.2,3.6,2.34,"Ubon Ratchathani"
3.37,3.75,2.86,3.37,2.26,3,3.62,2.3,"Ubon Ratchathani"
2.6,3.4,2.07,3.4,2.42,3.65,3.13,2.68,"Bangkok"
2.6,3.5,1.8,3.37,2.1,2.87,2.12,2.07,"Ubon Ratchathani"
3.87,3.37,3.52,3.37,2.96,3.87,2.93,2.75,"Si Sa Ket"
3.5,2.7,2.9,3.8,2.94,3.23,3.1,3.2,"Roi Et"
3.75,3.25,1.5,0,3,3.66,3.5,2.83,"Ubon Ratchathani"
2.87,3.5,3.85,3.75,3.29,3.25,3.25,2.85,"Ubon Ratchathani"
2.62,3.5,2.11,2.83,2.52,3.38,3.12,2.6,"Ubon Ratchathani"
3.75,3.87,3.75,3.75,3.45,3.87,4,3.65,"Amnat Charoen"
1.7,3.8,2.1,3.4,3.05,3.2,2.86,2.7,"Udon Thani"
3.62,3.43,3.65,3.87,3.31,3.56,3.76,4,"Surin"
3.5,4,2.7,4,3.56,3.3,3.8,4,"Roi Et"
3.66,4,2.5,4,3.5,3.25,3.75,4,"Roi Et"
3.63,3.72,3.76,3.9,3.28,3.91,3.62,3.83,"Ubon Ratchathani"
3.62,3.66,3.7,3.87,3.26,3.87,3.53,3.79,"Ubon Ratchathani"
3.1,3.93,3.1,3.8,3.59,3.9,2.75,3.07,"Nong Khai"
3.87,3.75,2.9,3.75,3.55,3.91,3.88,3.68,"Maha Sarakham"
3.9,3.8,2.75,3.8,3.6,3.92,3.84,3.76,"Maha Sarakham"
2.12,3.25,1.85,2.12,1.7,2.43,2.38,2.22,"Ubon Ratchathani"
2.5,3.25,2.5,3.12,1.85,2.37,2.12,2.04,"Ubon Ratchathani"
2.12,3.56,2.25,4,2.69,3.16,2.75,2.07,"Yasothon"
4,2.5,2.8,3.12,3.03,3.06,3.67,2.37,"Amnat Charoen"
3.62,3,2.65,3.12,2.43,3.68,2.68,3.37,"Si Sa Ket"
3.87,3.75,3.41,4,3.44,3.87,4,3.25,"Roi Et"
3.25,3.87,2.25,3.62,2.57,3.75,3,2.41,"Ubon Ratchathani"
3.2,4,2.44,3.2,2.71,3.5,3.75,3.6,"Ubon Ratchathani"
3.12,4,2.27,3,2.72,3.4,3.68,3.62,"Ubon Ratchathani"
2,3.25,2.77,3.5,2.1,3.4,2.81,1.8,"Sakon Nakhon"
2.25,4,2.69,3.25,2.85,3.43,2.46,1.09,"Nong Khai"
2.5,3.68,2.15,3.62,2.26,3.16,2.55,2.76,"Buri Ram"
3.5,3.87,3.62,3.62,3.3,3.5,3.73,3.11,"Ubon Ratchathani"
3.5,4,3.95,3.75,2.88,3.71,3.62,3.12,"Roi Et"
3.5,4,3.91,4,3.5,4,3.75,3.25,"Amnat Charoen"
4,3.87,3.47,4,3.59,3.54,4,4,"Si Sa Ket"
3.25,4,3.75,3.12,2.85,3.28,3.6,2.87,"Surin"
4,4,3.75,4,2.98,3.87,4,4,"Roi Et"
3.55,3.93,2.77,3.6,3.58,4,3.92,3.31,"Si Sa Ket"
2.7,3.05,2.72,3.3,2.34,3.35,2.6,2.68,"Ubon Ratchathani"
2.62,2.81,2.44,3.12,2.08,3.25,2.58,2.8,"Ubon Ratchathani"
3.87,3.93,3.62,4,3.42,4,3.75,3.37,"Buri Ram"
3.25,3.25,2.67,3.75,3.17,3.66,3.76,2.84,"Mukdahan"
3.5,3.5,3.19,3.87,3.55,3.9,3.61,3,"Ubon Ratchathani"
3.12,4,2.4,3.5,2.94,4,3.37,3.29,"Kalasin"
4,3.5,2.66,0,3.55,3.85,4,3.83,"Ubon Ratchathani"
3.16,3.92,3.08,3.25,2.82,3.38,2.3,3.31,"Buri Ram"
3.37,4,2.32,3.75,2.38,3.33,2.75,1.75,"Saraburi"
2.5,2.85,2.92,3.3,2.1,3.25,2.69,2.95,"Ubon Ratchathani"
2.87,2.81,2.89,3.87,2.21,3.18,2.7,3.11,"Ubon Ratchathani"
3.12,3.37,1.54,3.5,2.8,3.62,3,2.68,"Yasothon"
3,4,2.25,4,2.71,3.78,3,2.25,"Roi Et"
3.4,3.3,2.08,3.9,2.27,3.4,3.2,2.09,"Kalasin"
2.75,3.56,2.38,3.12,2.22,3.11,3,1.85,"Ubon Ratchathani"
2.37,4,3,2.75,2.95,3.66,2.75,2,"Nakhon Phanom"
3.12,3.75,2.05,3.91,2.37,3.4,2.62,2.5,"Ubon Ratchathani"
3.1,3.5,2.08,4,2.38,3.2,2.8,2.26,"Ubon Ratchathani"
3.12,3.37,2.1,4,2.55,3,2.87,2.3,"Ubon Ratchathani"
3,3.25,2,0,2.5,2.95,3.5,3,"Yasothon"
3.37,3.62,2.37,3.62,2.57,2.87,3.04,2.17,"Ubon Ratchathani"
3.3,3.7,2.39,3.6,2.43,3,2.96,2.3,"Ubon Ratchathani"
3.18,3.81,3.55,3.75,3.5,3.5,3.87,1.75,"Khon Kaen"
4,3.75,3.5,0,3.5,3.7,4,3.2,"Ubon Ratchathani"
3,3.7,1.92,4,2.56,3.83,3.57,2.8,"Amnat Charoen"
3.4,3.93,3.32,3.75,2.61,3.8,3.84,3.75,"Surin"
3.25,3.87,3.75,3.62,3.43,3.75,3.45,3.53,"Loei"
3.16,3.66,3.17,3.66,2.71,3.77,3.37,3.45,"Si Sa Ket"
2.5,3.66,2.58,2.25,2.22,3.75,3.08,2.71,"Surin"
3.37,3.75,3.17,2.5,3.03,3.5,3.61,2.77,"Ubon Ratchathani"
3.5,3.75,2.2,3.25,2.63,3.25,3.12,2.75,"Ubon Ratchathani"
3.75,3.06,2.37,3.31,2.7,3.68,3.37,3.12,"Mukdahan"
3.62,3.81,2.16,3.37,2.75,3.62,2.25,2.41,"Ubon Ratchathani"
3.78,3.68,3.28,4,3.83,3.4,3.81,3.04,"Si Sa Ket"
2.75,3.75,1.75,0,2.5,3.15,3,2.08,"Ubon Ratchathani"
3.7,4,3.78,4,3.38,3.63,3.92,3.75,"Ubon Ratchathani"
3.75,4,3.5,4,3.44,3.59,3.9,3.83,"Ubon Ratchathani"
3,3.88,2.6,3,2.76,3.9,3.25,2.16,"Si Sa Ket"
3.12,3.85,2.32,3,2.64,3.87,3.18,2.21,"Si Sa Ket"
3.5,3.83,3,3.5,2.92,3.58,3.31,2.5,"Si Sa Ket"
2.6,3.25,2.5,2.8,3.07,2.72,3.3,2.3,"Si Sa Ket"
2.5,3.06,2.31,2.5,2.82,2.56,3.18,2.18,"Si Sa Ket"
3.87,3.4,3.5,3.87,3,3.66,3.42,2,"Ubon Ratchathani"
3.5,3.87,2.65,3.37,2.98,3.81,3.44,2.77,"Roi Et"
2.5,3.8,2.96,3.2,1.95,3.08,2.7,2.15,"Ubon Ratchathani"
2.82,3.07,3.29,3.37,3.06,3.55,3.19,2.12,"Si Sa Ket"
2.5,2.87,3.15,2.75,2.39,3.15,2.42,2.55,"Udon Thani"
3.5,3.75,3.58,3.87,3.61,3.95,3.93,3.65,"Si Sa Ket"
3.37,4,3.65,3.37,3.27,3.91,3.96,3.5,"Si Sa Ket"
4,4,3,3.87,3.47,3.93,4,3.5,"Kalasin"
3.6,3.42,2.47,3.62,2.98,3.12,2.87,3,"Ubon Ratchathani"
3.66,3.4,2.6,3.6,2.95,3.1,3,3.06,"Ubon Ratchathani"
3.6,3.78,3.3,3.87,3.34,3.37,3.81,3.2,"Si Sa Ket"
4,4,4,4,3.97,4,4,3.9,"Maha Sarakham"
4,4,4,4,3.96,4,4,3.87,"Maha Sarakham"
3.87,3.87,3.41,3.62,3.72,3.87,3.75,3.58,"Ubon Ratchathani"
4,4,4,3.91,3.97,3.92,3.85,3.87,"Surin"
3.87,4,3,3,3.28,3.93,3.37,3.5,"Nakhon Phanom"
2.75,3.6,3.37,3.87,3.24,3.94,3.71,2.97,"Amnat Charoen"
3.37,3.8,3.33,3.87,3.4,3.95,3.37,3,"Ubon Ratchathani"
4,4,4,4,3.22,3.85,3.75,3.62,"Roi Et"
2.8,3.5,3.1,3.7,3.32,3.55,3,2.8,"Khon Kaen"
2.62,3.37,2.97,3.87,3.26,3.71,2.7,2.62,"Khon Kaen"
3.2,3.75,3.69,3.75,2.95,3.9,3.63,3.75,"Surin"
3.5,3.25,3.42,4,2.72,3.9,3.44,3.16,"Si Sa Ket"
3.5,4,3.37,3.12,2.97,3.5,3.62,3.75,"Buri Ram"
3.37,4,3.42,3.87,3.54,3.83,3.5,2.7,"Surin"
3.12,3.43,2.67,3.75,1.95,4,3.37,2.5,"Si Sa Ket"
4,4,2.68,4,3.5,3,4,3.62,"Roi Et"
3,3.93,1.87,3.75,1.98,3.79,3.79,2.3,"Surin"
3.25,4,3.45,3.75,3.32,3.5,3.58,3.37,"Buri Ram"
4,4,4,4,3.17,4,3.81,3.87,"Roi Et"
2.87,4,3.58,3.5,2.69,3.64,3.25,2.25,"Roi Et"
4,3.87,4,4,3.52,3.68,3.81,3.47,"Si Sa Ket"
2.87,4,3.75,4,3,3.87,3.37,3.12,"Yasothon"
2.37,3.9,2.2,3.87,2.95,3.94,2.78,3.08,"Amnat Charoen"
3.12,4,3.25,3.62,2.62,3.12,3.89,2.37,"Roi Et"
4,3.62,3.85,3.87,2.65,3.87,3.44,2.5,"Roi Et"
3.25,3.68,3.75,3.25,3,2.87,3.57,2.2,"Ubon Ratchathani"
3.25,4,4,0,3.5,3.79,4,3.4,"Ubon Ratchathani"
3.75,3.25,2.83,0,3.45,3.42,3.25,2.83,"Ubon Ratchathani"
3.5,3.4,3.1,3.62,2.66,4,3.68,3.23,"Si Sa Ket"
3.37,3.75,2.54,4,2.71,3.87,3.5,3.37,"Roi Et"
2.35,4,3.1,2.62,2.48,3.62,3.37,3,"Nakhon Phanom"
2.5,3.4,1.66,2.77,2.88,3.06,2.33,2.25,"Surin"
3.8,3.9,3.58,4,3.11,4,3.75,3.6,"Bueng Kan"
3.87,4,3.47,4,3.13,4,3.68,3.5,"Bueng Kan"
3.25,3.35,2.17,4,2.35,3.56,3.34,2.56,"Ubon Ratchathani"
3.37,3.83,3.54,3.5,3.47,3.5,3.5,3.12,"Si Sa Ket"
2.75,3.56,2.5,3.75,3,3.5,3.05,2.14,"Yasothon"
2.9,3.9,3.26,3.91,3.53,3.37,3,2,"Ubon Ratchathani"
3,4,3.32,3.9,3.42,3.16,3,2.25,"Ubon Ratchathani"
3.75,4,3.37,3.62,3.01,3.75,4,2.3,"Surin"
3.03,3.57,2.62,3.37,3.15,3.6,3.02,2.62,"Si Sa Ket"
4,4,3.47,4,3.41,4,3.52,3.65,"Chaiyaphum"
3.5,3.68,3.25,3.75,2.62,3.8,3.29,2.75,"Ubon Ratchathani"
4,4,4,3.5,3.68,4,4,4,"Ubon Ratchathani"
2.25,3.75,1.78,2.62,2.05,3.33,2.62,2.11,"Ubon Ratchathani"
2.3,3.7,1.78,2.8,2.01,3.5,2.7,2.04,"Ubon Ratchathani"
3.25,2.81,1.5,3.66,2.13,3,3.5,2.4,"Ubon Ratchathani"
3.1,3.8,2.62,3.7,2.15,3.5,3.6,1.9,"Khon Kaen"
3.12,3.75,2.77,3.62,2.08,3.37,3.5,1.75,"Khon Kaen"
4,4,4,4,3.9,3.62,3.75,3.87,"Yasothon"
2.62,3.62,3.43,3.62,3.25,3.5,3.15,3.12,"Surin"
2.8,3.7,3.4,3.7,3.23,3.3,3.19,3.1,"Surin"
3.12,3.25,3.75,3.75,3.26,3.21,3.53,2.5,"Si Sa Ket"
3.87,3.87,2.44,3.87,3.41,3.5,2.89,3.12,"Yasothon"
3.9,3.9,2.53,3.9,3.48,3.5,2.97,3.2,"Yasothon"
3.5,3.83,3.7,3.75,3.68,3.35,3.91,3.87,"Buri Ram"
2.6,3.9,2.34,3.5,2.69,2.94,2.8,2.28,"Surin"
3,4,2.3,3.37,2.66,2.81,2.75,2.35,"Surin"
3.37,3.37,3.35,4,3.37,3.25,3.87,3,"Roi Et"
2.6,3.4,3.14,2.9,2.64,3.23,2.34,2.1,"Khon Kaen"
2.37,3.37,2.67,3.25,2.25,3,2.5,2.5,"Ubon Ratchathani"
2.5,3.57,3.58,3,2.78,3.66,2.87,2.87,"Nakhon Phanom"
1.7,3.93,3.28,3.7,3.26,3.7,1.87,3.13,"Nong Khai"
3.25,3.5,2.55,3.37,2.81,2.75,3.25,2.8,"Ubon Ratchathani"
2.37,3.25,2,2.37,2.03,3.4,2.5,1.12,"Yasothon"
4,4,4,3.87,3.92,3.87,4,4,"Buri Ram"
2.37,2.7,1.41,2.6,1.61,2.85,2.76,2.7,"Ubon Ratchathani"
4,3.5,2,0,2.5,3.6,3,2.33,"Ubon Ratchathani"
3.5,3.5,3.52,4,3.31,3.5,3.56,3.37,"Si Sa Ket"
2.45,3.5,2.1,2.75,2.32,2.87,3.87,2,"Khon Kaen"
3.8,3.7,3.7,3.9,3.13,3.62,3.4,3.8,"Khon Kaen"
3.1,3.5,2.27,3.1,2.04,3.38,2.75,2.32,"Si Sa Ket"
3.5,3.37,2.56,3.5,2.09,3.31,2.68,2.64,"Si Sa Ket"
4,4,4,3.8,4,4,4,3.93,"Si Sa Ket"
3.5,4,3.87,4,3.32,3.6,3.68,3.12,"Ubon Ratchathani"
3.7,3.9,2.96,3.4,3.25,3.41,3.22,3.4,"Yasothon"
3.25,4,2.67,3.75,3.16,3.7,3.56,3.62,"Ubon Ratchathani"
3.5,3.9,2.86,3.7,2.91,3.68,3.1,3.2,"Si Sa Ket"
3.5,4,2.92,3.62,2.91,3.58,3.09,3.25,"Si Sa Ket"
3.37,3.25,2.92,4,3.23,3.43,3.62,2.67,"Ubon Ratchathani"
3.5,4,3,3.7,2.91,3.68,3.71,3.2,"Phetchabun"
2.62,3.56,2.87,3.62,2.25,3.8,2.95,2.25,"Ubon Ratchathani"
3,4,3,3.87,3.12,3.91,3.62,3.25,"Si Sa Ket"
3.72,3.25,3.41,4,3.48,4,3.08,2.13,"Ubon Ratchathani"
3.9,3.9,3.54,4,3.66,3.3,3.9,3.9,"Roi Et"
3.87,3.87,3.42,4,3.67,3.12,3.87,3.87,"Roi Et"
3.12,3.87,2.9,2.87,2.36,2.75,3.26,1.55,"Ubon Ratchathani"
3.25,4,2.47,3.75,2.66,2.85,3.56,2.75,"Ubon Ratchathani"
3.25,3.87,2.5,3.75,2.63,3.87,2.87,2.33,"Kalasin"
3.25,3.87,3.29,3.25,2.53,2.64,2.81,2.62,"Si Sa Ket"
3.37,3.87,3,3.87,2.98,4,3.75,2.62,"Roi Et"
2.8,3.8,3.88,3.5,2.78,3.5,3,2.3,"Khon Kaen"
3.12,3.5,1.87,2.37,2.17,3.12,3.15,2.45,"Ubon Ratchathani"
2.1,3.4,3.22,3.2,2.65,3.41,2.7,2,"Ubon Ratchathani"
1.87,3.25,3.27,3.5,2.69,3.3,2.45,1.87,"Ubon Ratchathani"
3,3.56,2.04,3.3,2.4,3.8,2.8,1.64,"Ubon Ratchathani"
2.87,3.56,1.83,3.12,2.25,3.87,2.62,1.5,"Ubon Ratchathani"
2.75,3.75,2,0,1.75,3.65,3,2.25,"Ubon Ratchathani"
2.1,3.1,2.41,3,2.53,3.1,2.7,2.2,"Ubon Ratchathani"
2.95,4,3.67,4,3.17,3.81,2.5,3.3,"Ubon Ratchathani"
2.87,4,2.92,3.62,3.22,3.83,3.59,3.25,"Si Sa Ket"
3,4,2.91,3.75,3.06,3.87,3.5,3.87,"Roi Et"
3.2,4,2.92,3.8,3.07,3.9,3.4,3.6,"Roi Et"
3.37,3.75,2.86,3.62,2.55,3.77,3.47,3.52,"Buri Ram"
2.84,3.12,3.31,3.37,3.28,3.62,3.3,2.89,"Maha Sarakham"
3.5,3.8,2.98,3.9,3.19,3.35,3.41,3.47,"Ubon Ratchathani"
2.76,3.65,2.35,4,2.59,3.73,3.73,3,"Si Sa Ket"
2.83,3.62,2.31,4,2.61,3.81,3.65,2.92,"Si Sa Ket"
3.12,3.75,2.1,3.62,3.2,3.66,2.94,3,"Buri Ram"
2.87,3.75,2.45,4,2.73,3.12,3,2.62,"Roi Et"
3.37,3.87,2.66,3.37,2.69,4,2.87,2.58,"Ubon Ratchathani"
3.5,4,3.35,4,3,4,3.12,3.63,"Chaiyaphum"
2.8,2.5,3.65,2.5,3,3.7,3.8,2.83,"Bueng Kan"
3.2,3.6,3.41,3.8,2.88,4,3.5,3.5,"Khon Kaen"
4,3.93,4,3.75,3.6,4,4,4,"Mukdahan"
2.12,3.85,2.91,2.37,2.63,3.91,3,3,"Nakhon Phanom"
3.16,3.87,2.45,3.62,2.95,3.08,3.62,3,"Ubon Ratchathani"
3.1,4,2.45,4,2.92,3.12,2.5,2.37,"Ubon Ratchathani"
2.8,3.75,2.61,3.42,2.8,3.47,3.02,3,"Ubon Ratchathani"
2.5,3.68,2.52,3.65,2.75,3.43,3,3,"Ubon Ratchathani"
3.75,4,3.66,4,3.28,4,4,3.37,"Nakhon Ratchasima"
2.94,3.87,2.1,3.8,3.06,3.41,3.26,3.4,"Si Sa Ket"
1.87,3.37,1.56,3.12,1.58,3.36,2.47,1.83,"Buri Ram"
3.25,3.62,2.8,4,2.76,3.2,3.25,2.5,"Ubon Ratchathani"
3.37,3.37,3.75,3.37,3.6,3.12,3.5,2.67,"Ubon Ratchathani"
2.5,4,1.96,3.8,2.58,2.9,3.12,1.97,"Nong Khai"
3.75,3.31,3.37,3.37,2.72,3.5,3.37,3.25,"Buri Ram"
3.7,3.9,2.9,3.8,3.56,3.94,3.9,2.8,"Kalasin"
3,3.87,3.18,3.25,2.91,3.68,3.91,2.12,"Yasothon"
3.2,3.95,2.46,3.7,3.02,3.36,3.36,2.76,"Buri Ram"
3.12,3.93,2.31,3.62,2.85,3.36,3.52,2.96,"Buri Ram"
3.62,3.75,2.75,3.75,3.03,3,3.78,2.5,"Roi Et"
3.25,3.75,3.07,4,2.96,3.81,3.87,2.35,"Sakon Nakhon"
3.87,3.5,3.65,3.87,2.84,4,3.66,2.37,"Roi Et"
3.75,4,3.08,3.62,3.66,4,3.54,3.58,"Ubon Ratchathani"
2.5,2.75,1.86,2.87,1.92,2.81,2.91,2.16,"Ubon Ratchathani"
3.1,3.2,2.29,3.7,1.89,4,2.4,3.2,"Khon Kaen"
3,3,2.15,3.75,1.83,4,2.62,3.25,"Khon Kaen"
2,4,1.81,4,1.75,3.81,3.37,1.6,"Udon Thani"
3.12,3.81,2.9,3.37,2.56,3.2,3.11,2.68,"Ubon Ratchathani"
3.7,3.62,2.87,3.75,3.25,3.67,3.62,3.08,"Khon Kaen"
2.8,3.58,3.45,3.75,3.04,4,3.5,2.62,"Yasothon"
3.25,4,3,0,3.61,3.64,3.5,3.66,"Ubon Ratchathani"
3,3.75,2.62,3.75,2.59,3.79,3,2.43,"Surin"
3.37,3.75,2.85,3.75,3.05,3.87,3.91,2.75,"Udon Thani"
2.62,3.12,1.65,2.87,1.63,3.11,2.41,2.06,"Ubon Ratchathani"
2.75,3.81,2.45,3.91,2.62,3.58,3.4,2.6,"Khon Kaen"
2,2.62,1.95,1.62,1.84,2.62,1.81,2.43,"Ubon Ratchathani"
3.41,3.93,1.6,3.75,2.35,3.77,3.25,2.37,"Kalasin"
2.25,3.7,2.54,3.33,3.16,3.13,2.89,2.97,"Si Sa Ket"
3.75,4,2.33,4,2.83,3.87,3.83,3.12,"Ubon Ratchathani"
3.16,3.12,2.25,3.12,2,3.66,3.05,1.87,"Si Sa Ket"
4,4,3.45,4,3.11,3.75,3.29,1.85,"Udon Thani"
2.75,3.62,1.82,3.62,1.84,3.14,2.5,2.38,"Ubon Ratchathani"
3.25,3.25,2.37,4,3.04,3.58,3.87,2.55,"Sakon Nakhon"
2.25,3.37,2.25,3.62,2.75,3.21,2.87,2.63,"Ubon Ratchathani"
2.87,3.68,2.4,3.5,2.54,3.43,3,3.15,"Ubon Ratchathani"
3.25,3.75,2.9,3.5,3.15,3.78,3.5,3.25,"Yasothon"
3,3.62,2.3,3.25,2.4,3.84,3.5,2.75,"Yasothon"
3,3.31,2.77,4,2.71,3.28,2.91,3.23,"Ubon Ratchathani"
2.87,3.25,2.87,2.5,2.7,3.12,2.62,2.43,"Ubon Ratchathani"
2.44,3.12,3.45,2.95,2.48,3.17,2.8,1.94,"Amnat Charoen"
3.62,4,2.33,2.75,3.37,3.75,3.5,2.83,"Roi Et"
4,4,4,4,3.87,3.88,3.27,3.68,"Surin"
2.62,3.75,1.62,2.75,2.48,3.2,2.31,2.45,"Buri Ram"
3,3.62,2.25,3.25,2.58,3.4,2.75,2.31,"Ubon Ratchathani"
3.5,3.25,3.75,3.6,3.13,4,3.75,3.87,"Khon Kaen"
3.37,3.68,3.55,3.87,3.4,3.83,3.5,3.12,"Amnat Charoen"
3.19,3.75,3.9,3.5,3.2,3.62,3.71,2.35,"Ubon Ratchathani"
3,4,3.41,3.62,3.12,3.5,3.31,2,"Udon Thani"
2.12,4,2.42,3.75,2.78,3.5,3.08,2,"Ubon Ratchathani"
2.8,3.25,2.8,2.87,2.67,3.12,2.68,1.95,"Ubon Ratchathani"
2.6,3.68,2.15,2.25,2.72,3.5,3.07,2.86,"Udon Thani"
2.5,3.56,2.57,4,2.67,4,2.95,2.31,"Udon Thani"
2.12,3.37,2.5,3.25,2.62,3.64,3,3.22,"Ubon Ratchathani"
2.87,3.87,3.75,3.62,3.03,4,3.37,2.25,"Roi Et"
3,3.87,1.25,3.87,2.35,3.81,3.28,2.25,"Buri Ram"
2.62,3.56,2.5,3.5,2.66,3.5,3.34,2.62,"Buri Ram"
3.62,3.46,3.47,3.5,3.58,3.87,3.46,3.98,"Ubon Ratchathani"
3.25,3.62,2.9,3.5,2.94,3.93,3.31,3.5,"Ubon Ratchathani"
3.5,3.5,2.93,3.62,2.97,3.64,3.62,3.31,"Ubon Ratchathani"
3.5,3.62,3.79,3.75,3.11,3.81,3.05,3.12,"Roi Et"
2.12,3.68,2.15,3.62,2.57,3.72,3.12,2.25,"Maha Sarakham"
4,3.37,3.35,3.75,3.34,3.93,3.68,3.29,"Surin"
3.33,3.87,3.75,3.8,3.26,3.75,3.37,2.8,"Si Sa Ket"
3,3.5,2.37,3.62,2.61,3.71,3.5,2.77,"Ubon Ratchathani"
2.75,3.62,2.9,3.87,2.21,3.5,3.12,2.62,"Ubon Ratchathani"
3.87,3.8,3.3,3.5,3.35,3.94,3.78,3.78,"Si Sa Ket"
3.12,3.75,2.69,3.87,2.96,3.68,3.5,3.02,"Amnat Charoen"
2.83,3.62,3.72,3.56,2.75,3.31,2.76,3.16,"Amnat Charoen"
3,3.43,2.3,3.37,2.35,2.62,3.23,2.42,"Surin"
2.5,3.25,2.62,3.37,2.3,3.71,3.37,2.72,"Ubon Ratchathani"
3.87,3.62,2.97,3.62,3.1,3.75,3.88,3.12,"Roi Et"
2.87,3.43,2.41,3.75,3,3.5,2.75,2.78,"Yasothon"
3.12,3.75,2.6,3.5,2.43,3.2,3.45,2.18,"Roi Et"
3,3.37,3.58,4,3.31,3.4,3.5,2.5,"Amnat Charoen"
3,3.93,3.6,3.87,2.14,3.2,3.16,3.21,"Ubon Ratchathani"
3.4,3.58,3.44,3.62,3.48,3.12,3.66,3.91,"Ubon Ratchathani"
2.66,3.5,2.82,2.5,2.52,3.5,2.92,2.22,"Amnat Charoen"
2.5,3.87,2.07,3.25,2.46,3.28,2.62,2,"Yasothon"
2.75,3.87,2.37,2.87,2.48,3.6,3.12,1.62,"Yasothon"
2.12,3.81,2.41,3.62,2.4,4,3.31,2.57,"Roi Et"
3.5,3,2.5,0,3.5,3.52,3.5,3.25,"Ubon Ratchathani"
3.25,3,1,0,2.46,3.44,2.75,2.33,"Ubon Ratchathani"
3.62,4,3.9,4,4,3.87,3.92,3.56,"Ubon Ratchathani"
2.38,3.5,2.8,3.62,2.48,3.9,3.58,2.08,"Nong Bua Lam Phu"
3,3.68,3.85,4,2.88,3.41,3.57,2.37,"Ubon Ratchathani"
3,3.37,2.3,1.5,2.07,3.55,3.42,3.21,"Si Sa Ket"
3.12,3.87,2.92,3,2.47,3.66,3.78,3.42,"Si Sa Ket"
3.12,3.75,2.29,3.75,2.05,4,3.3,2.29,"Phetchaburi"
3.25,3.37,2.68,3.37,3.1,3.72,3.33,2.68,"Ubon Ratchathani"
3.25,4,2.62,3.25,2.98,3.93,3.31,2.07,"Si Sa Ket"
2.9,3.76,2.21,3,2.1,3.75,2.75,2.64,"Ubon Ratchathani"
2.25,3.12,2.42,2.25,2.61,2.41,2.58,2.52,"Si Sa Ket"
3.55,3.87,3.06,3,3.22,3.42,3.36,2.96,"Roi Et"
2.87,3.12,2.3,4,2.62,3.41,3,2.62,"Roi Et"
3.12,4,2.17,3.5,2.5,3.69,3.45,2.66,"Surin"
2.75,3.16,3.03,2.16,2.36,2.88,3.04,2.29,"Surin"
3.12,3.93,2.52,4,2.47,3.7,3.66,3,"Kalasin"
3.37,3.81,2,3.12,2.84,3.5,3.5,1.75,"Udon Thani"
3.5,3.62,2.12,3.75,2.6,3.57,3.5,2.37,"Yasothon"
2.87,3.71,2.32,3.25,1.75,3.86,3.17,3.25,"Yasothon"
3,3.25,3.83,4,3.08,3.92,3.75,2.62,"Mukdahan"
3.5,3.87,3,3.75,3.32,3.75,3.5,3,"Ubon Ratchathani"
2.75,3.5,2.25,3.5,2.28,3.7,2.9,2.68,"Surin"
3.75,4,3.45,4,3.18,3.9,3.62,3.76,"Ubon Ratchathani"
3.62,3.85,3.02,3.91,3.63,3.56,3.94,3.41,"Si Sa Ket"
3.12,3.12,2.66,2.87,3.26,3.56,2.75,2.57,"Yasothon"
3.25,3.83,3.12,3.75,2.55,3.75,3.22,2.59,"Ubon Ratchathani"
2.25,3.5,3.07,3.75,2.68,3.5,2.87,3.12,"Khon Kaen"
2.87,3.87,2.29,4,2.2,2.92,3.75,2.12,"Nakhon Ratchasima"
3.12,3.68,3.2,3.75,2.73,3.84,3.5,3.37,"Mukdahan"
3.12,3.68,2.62,3.62,2.77,3.38,3.25,2.68,"Surin"
3.37,3.75,2.25,3.75,2.48,3.6,2.87,1.96,"Ubon Ratchathani"
3,4,2.32,4,2.83,3.87,3.25,2.42,"Nakhon Ratchasima"
2.2,3.62,2.25,3.5,2.21,3.62,3.37,2.68,"Ubon Ratchathani"
3.12,3.81,3.1,3.58,2.68,3.64,3.15,2.38,"Khon Kaen"
2.87,3.62,3.4,3.75,2.58,3.78,3.12,2,"Khon Kaen"
3.5,3.93,2.87,3.5,2.46,3.87,3.2,3.45,"Samut Sakhon"
2.79,3.43,2.37,3.12,2.82,3.75,3.17,2.18,"Si Sa Ket"
3.75,4,3.5,3.87,3.48,4,3.91,3.62,"Buri Ram"
2.37,3.75,2.25,4,2.9,3,3.07,2.77,"Si Sa Ket"
3.25,3.92,3.75,3.87,3.76,3.84,4,3.91,"Sakon Nakhon"
3.75,4,2.62,2.87,3.03,4,3.66,3.25,"Ubon Ratchathani"
3.12,3.5,2.67,3.75,1.8,3.37,2.58,3,"Ubon Ratchathani"
2.87,3.12,2.56,3.12,2.7,3.62,2.86,2.5,"Ubon Ratchathani"
3.75,4,3.02,4,3.29,3.75,3.53,3.79,"Ubon Ratchathani"
3.25,3.12,3.5,3,2.83,3.75,3.09,2.31,"Ubon Ratchathani"
3.75,3.75,3.81,3.87,3.33,4,4,3.35,"Surin"
3.5,3.87,3.37,4,2.37,3.8,3.87,2.95,"Kalasin"
3.62,4,3.68,3.75,3.34,3.33,3.62,3.92,"Udon Thani"
3.75,3.87,2.43,3.81,2.46,3.37,3.75,2.68,"Mukdahan"
3.37,3.81,2.94,4,3.41,4,3.58,3.12,"Amnat Charoen"
3.12,4,3.45,3.75,3.25,2.9,3.43,2.12,"Si Sa Ket"
3.87,3.87,3.65,4,3.68,4,3.93,3.87,"Si Sa Ket"
2.75,3.25,3.07,3.25,2.56,3.5,2.75,1.87,"Khon Kaen"
3.25,3.62,3.68,3.75,2.69,3.91,3.87,3.31,"Mukdahan"
3.87,4,3.62,4,3.78,3.75,3.9,3.93,"Ubon Ratchathani"
3.3,4,3.5,3.62,2.97,3.46,3.87,3.35,"Roi Et"
3.12,4,2.04,2.75,2.36,3.75,3.33,2.91,"Ubon Ratchathani"
3.87,4,3.87,4,3.57,3.57,3.57,3.72,"Si Sa Ket"
4,3.87,2.87,4,3.6,4,3.87,3.88,"Mukdahan"
3.75,3.87,3,3.5,2.7,3.37,4,3.31,"Udon Thani"
4,4,3.51,3.62,3.06,3.76,4,4,"Roi Et"
3,3.92,3.52,4,2.51,4,3.06,2.25,"Si Sa Ket"
3.5,3.93,2.43,3.37,1.77,3.41,3.5,3.06,"Mukdahan"
2.87,4,3.25,4,3.59,3.22,3.62,3,"Si Sa Ket"
3.75,4,3.62,3,2.96,3.5,4,3.89,"Ubon Ratchathani"
4,3.9,3.62,4,3.23,4,3.57,3.41,"Ubon Ratchathani"
3.12,3.75,3.15,3.62,3.28,3.2,2.97,3.19,"Si Sa Ket"
3.72,3.56,3.5,3.75,3.17,3.9,4,3.37,"Nong Bua Lam Phu"
3.63,3.5,3.48,3.75,3.48,3.71,3.62,3.25,"Nakhon Ratchasima"
3.5,3.56,2.28,3.87,2.9,3.5,3.31,2.81,"Buri Ram"
3.37,3.12,2.86,3.25,2.75,3.31,3.5,2.37,"Buri Ram"
2.62,3.64,2.55,2.75,2.86,3.5,3.56,2.75,"Sakon Nakhon"
3.87,3.75,3.8,3.87,3.22,3.96,3.87,2.96,"Nakhon Phanom"
2.75,3.75,3.04,3.75,3.28,3.5,3.62,2.8,"Udon Thani"
4,3.9,3.56,3.6,2.92,3.83,2.93,2.82,"Khon Kaen"
3.5,3.5,3.02,3.25,2.81,3.58,3.34,2.62,"Si Sa Ket"
4,3.62,3.62,3.87,3.3,3.83,3.78,3.75,"Si Sa Ket"
2.73,3.43,3.62,3.37,3.03,3.31,3.31,2.16,"Ubon Ratchathani"
2.75,3.12,3.4,3.5,3.53,3.25,3.04,3.26,"Ubon Ratchathani"
3,3.5,1.5,0,1.5,3.07,2.5,3.16,"Ubon Ratchathani"
3,3.4,2.62,3.5,2.3,2.7,2.79,2.41,"Buri Ram"
2.62,3.75,2.2,3.68,2.19,2.9,2.7,3.17,"Ubon Ratchathani"
3.25,3.91,2.81,3.87,2.97,3.85,3.4,2.68,"Surin"
3.87,3.62,2.92,4,3.66,3.84,4,4,"Yasothon"
3,3.68,2.9,3,2.42,3.45,3.03,2.66,"Amnat Charoen"
3.22,3.5,3.17,3.37,2.76,3.45,2.88,2.61,"Amnat Charoen"
4,4,3.18,3.5,3.14,3.95,3.39,3.53,"Kalasin"
3.37,4,2.66,3.5,2.22,3,3.37,1.83,"Amnat Charoen"
2.65,3.08,3.02,2.37,2.54,2.5,3,2.16,"Ubon Ratchathani"
2.37,3.37,3.33,3.75,2.4,3.56,2.78,1.79,"Ubon Ratchathani"
4,4,2.65,3.62,3.58,3.37,4,2.81,"Nong Bua Lam Phu"
3.12,3.75,2.52,2.5,2.51,3.12,3.3,2.85,"Ubon Ratchathani"
2.73,3.56,1.82,3.25,2.48,3.56,3.15,1.79,"Ubon Ratchathani"
3.03,3.31,1.77,3.25,2.51,3.37,3.12,1.79,"Ubon Ratchathani"
3.75,3.65,2.57,3.66,3.67,3.62,3.6,3.33,"Si Sa Ket"
3.12,3.75,2.65,3.75,2.8,3.78,3.55,2.55,"Khon Kaen"
2.62,3.62,3.02,4,2.75,3.59,3.8,2.9,"Roi Et"
3.37,3.43,2.72,4,3.54,3.71,3.9,1.89,"Ubon Ratchathani"
2.72,3.12,2.5,3.62,1.92,3,2.9,2.56,"Si Sa Ket"
2.83,4,2.16,3.5,2.84,3.16,2.83,2.33,"Amnat Charoen"
3.37,4,2.65,2.87,3.34,3.6,4,3.33,"Nong Bua Lam Phu"
1.75,3.81,1.32,2.37,2.02,3.6,2.92,1.75,"Ubon Ratchathani"
3.37,3.87,2.22,3.5,2.51,3.66,3.04,2,"Kalasin"
3.62,3.68,2,3.75,2.37,3.06,3.5,2.75,"Mukdahan"
2.5,3.5,2.75,0,2.25,3.71,1.5,2.14,"Ubon Ratchathani"
3.37,3.12,2.12,3.91,3.07,3.42,3.66,2.87,"Ubon Ratchathani"
3.37,2.93,2.44,4,2.79,4,3.63,2.67,"Ubon Ratchathani"
3.62,3.55,2.71,4,2.91,3.62,3.68,2.77,"Si Sa Ket"
3.87,4,3,4,3.53,3.75,3.75,2.87,"Mukdahan"
3.87,4,3.55,3.87,3.5,4,3.72,3.66,"Kalasin"
3.37,3.93,3.32,3.5,3.22,3.43,3.41,3.28,"Kalasin"
2.75,4,2.26,3.87,3,3.81,3.62,3.47,"Amnat Charoen"
3.87,3.5,2.04,2.5,2.85,3.06,3.28,3.08,"Amnat Charoen"
2.75,3.62,3.02,3.37,2.28,3.66,2.55,2.31,"Roi Et"
2.62,3,3.22,2.62,2.85,3.62,2.5,2.5,"Mukdahan"
3,3.37,2.63,3.37,2.47,3,3.26,2.76,"Surin"
3.75,3.87,3.76,3.5,3.25,4,3.78,3.92,"Si Sa Ket"
4,3.75,4,4,3.97,4,4,3.75,"Ubon Ratchathani"
3.5,4,3.18,3.87,3.1,3.5,3.54,2.68,"Ubon Ratchathani"
2.87,3.93,2.75,3.75,2.1,3.14,3.08,2.75,"Chaiyaphum"
3.62,3.62,2.47,3.75,2.44,3.62,3.45,3.43,"Maha Sarakham"
3.75,3.93,3.85,4,3.33,3.41,3.72,3.37,"Maha Sarakham"
3.37,3.87,3.34,3.37,2.32,3.66,3.65,2.68,"Roi Et"
3.5,3.87,3.27,4,3.26,3.52,3.75,3.58,"Maha Sarakham"
3.5,3.87,2.9,4,2.77,3.87,3.45,3.31,"Maha Sarakham"
3.5,3.68,2.92,3.75,3.22,3.87,3.29,2.62,"Udon Thani"
3.7,3.87,3.6,3.87,3.04,3.7,3.67,2.25,"Khon Kaen"
3.37,3.37,3.31,3.5,2.89,3,2.7,2.81,"Ubon Ratchathani"
3.37,3.77,3.62,3.5,3.23,3.87,3.8,3,"Si Sa Ket"
3.54,3.62,3.12,3.93,3.83,3.37,3.33,2.66,"Surin"
3,3.66,2.66,3.25,3.21,2.75,2.75,2.25,"Surin"
4,3.94,3.1,4,3.1,3.5,3.54,2.76,"Ubon Ratchathani"
3.37,3.8,2.7,4,3.1,3.91,3.45,1.73,"Si Sa Ket"
3.12,3.62,3.67,3.87,3.41,3.62,2.89,3.25,"Roi Et"
3.87,4,3.4,3.75,3.4,4,4,3.76,"Roi Et"
2.87,4,3.47,3.75,3.33,3,3.62,3.25,"Ubon Ratchathani"
3.5,3.62,3.47,3.75,2.45,3.87,3.25,2.37,"Nakhon Ratchasima"
3,4,2,3.62,2.48,3.2,2.96,2.87,"Ubon Ratchathani"
4,3.93,3.77,4,3.73,3.93,3.93,3.37,"Si Sa Ket"
3.25,3.87,3.4,3.87,3.67,3.5,3.62,3,"Ubon Ratchathani"
3.12,3.45,2.35,3.75,2.08,3.44,2.75,2.22,"Ubon Ratchathani"
4,2,1.5,2.5,2,2,2,2.5,"Ubon Ratchathani"
2.38,3.56,2.97,3,2.67,3.12,3.4,1.75,"Ubon Ratchathani"
3.66,3.62,3.68,4,3.2,3.84,4,3.25,"Ubon Ratchathani"
2.75,3.5,2.92,3.62,2.54,2.93,3.45,2.91,"Amnat Charoen"
2.5,4,2.9,3.68,2.35,3.6,2.87,1.75,"Khon Kaen"
2.87,3.93,2.69,3.25,2.83,3.12,2.87,3.31,"Ubon Ratchathani"
4,4,3.25,3.87,3.85,4,4,3.75,"Ubon Ratchathani"
2.87,3.75,2.71,3.62,2.42,3.87,3.75,2,"Nong Khai"
3.5,4,3,0,3.65,3.52,3.5,3,"Ubon Ratchathani"
3.37,4,3.37,4,3.25,3.42,3.38,1.9,"Surin"
2.5,3.05,2.86,3.12,3.26,3.62,3.57,3.26,"Nakhon Phanom"
2.75,3.93,2.8,2.75,2.38,2.75,3.53,2.31,"Maha Sarakham"
2.87,4,3.61,3.87,3.19,3.5,3.12,2.97,"Amnat Charoen"
3.37,3.06,1.68,3,2.91,3.33,2.33,2.4,"Ubon Ratchathani"
3.87,3.85,3.57,4,3.63,3.9,3.97,3.52,"Si Sa Ket"
3,3.62,3.21,3.5,2.57,3.6,3.21,2.25,"Buri Ram"
3.5,4,3.25,3.5,2.66,3.64,3.32,3,"Ubon Ratchathani"
3.5,3.75,2.8,3.5,2.84,3.7,3.58,2.5,"Ubon Ratchathani"
3,3.66,2.54,3.12,3.08,3.79,2.71,2.76,"Nakhon Phanom"
2.83,3.62,2.95,3.5,2.05,2.58,2.38,2.66,"Amnat Charoen"
3.37,4,3,4,3.17,3.87,3.33,3,"Roi Et"
3.25,3.5,2.12,3.87,2.57,3.5,3.37,2.94,"Ubon Ratchathani"
3.75,4,3.79,3.62,3.86,4,3.61,2.43,"Si Sa Ket"
2.66,3.87,3.22,4,2.05,3.5,3.34,1.94,"Khon Kaen"
3.37,3.56,2.5,3.37,2.86,3.4,2.91,1.93,"Ubon Ratchathani"
3.25,3.87,2.93,3.87,2.62,3.66,3.5,3,"Yasothon"
4,4,2.6,3.6,2.97,4,3.62,2.86,"Khon Kaen"
2.88,3.12,2.58,3,2.4,3,3.02,2.42,"Surin"
3.5,3.77,3.3,4,3.01,3.5,3.16,3.73,"Ubon Ratchathani"
3.5,4,2.95,3,2.29,3.8,3.12,2.25,"Roi Et"
2.5,3.4,2.92,4,2.71,3.07,2.4,2.25,"Surin"
3.3,3.87,2.26,4,2.66,3.55,3.43,3.08,"Roi Et"
3.75,3.87,2.87,4,3.33,3.75,4,3,"Mukdahan"
3.37,3.37,2.9,3.4,2.45,3.41,3.25,2.68,"Khon Kaen"
3.75,4,3.6,4,3.25,4,3.64,3.5,"Si Sa Ket"
2.75,3.75,2.9,3.12,2.42,2.5,3.75,2.21,"Ubon Ratchathani"
3.5,3.97,2.37,3.75,1.84,3.25,3.27,3.42,"Ubon Ratchathani"
3.9,4,3.11,3.87,2.93,4,4,3.18,"Si Sa Ket"
2.87,3.62,2.85,3.87,2.82,3.62,2.75,3.06,"Ubon Ratchathani"
3.75,3.87,2.95,4,2.89,3.64,3.81,3.5,"Nakhon Phanom"
3,3.43,3.25,3.37,3.17,3.4,3.17,2.81,"Si Sa Ket"
2.87,3.73,2.87,3.37,1.97,3.25,3.35,2.16,"Ubon Ratchathani"
2.75,3.87,2.45,3.87,2.1,3.75,2.75,1.62,"Khon Kaen"
3.62,3.87,2.32,3.87,3.06,3.37,3.62,2.75,"Surin"
3.87,4,3.45,3.75,3.22,3.77,3.64,3.57,"Si Sa Ket"
2.5,3.7,2.59,3.71,3.61,3.81,3.8,2.75,"Ubon Ratchathani"
3.62,3.4,3.83,4,3.26,4,3.6,3.67,"Si Sa Ket"
3.9,3.72,3.16,4,3.02,3.83,3.33,3.3,"Surin"
2.16,2.68,3.37,2.68,2.5,3,2.28,2.4,"Si Sa Ket"
3.6,4,3.27,4,3.07,4,3.75,3.43,"Si Sa Ket"
3.55,4,3.44,4,3.58,3.75,3.82,3.58,"Nan"
3.1,3.72,2.64,3.5,2.73,3.62,3.33,3.11,"Surin"
3.25,4,3.37,3.87,3.16,3.5,3.06,3.06,"Chaiyaphum"
2.25,3.62,1.62,3.62,2.03,3,2.45,1.56,"Ubon Ratchathani"
2.88,3.87,3.08,3.75,2.88,3.37,3.03,3.32,"Ubon Ratchathani"
2.87,3.37,3.75,3.87,2.61,3.57,3.12,2.45,"Ubon Ratchathani"
1.5,3.75,2.62,4,2.76,3.18,3.28,2.5,"Nong Khai"
3.16,3.31,3,3.25,2.19,3.58,3.15,2.12,"Si Sa Ket"
3.12,3.6,2.92,3.58,3,2.8,3.1,2.58,"Si Sa Ket"
4,3.5,1,0,2.5,3.28,3,1.41,"Ubon Ratchathani"
3.77,3.43,2.75,3.75,2.7,3.62,3.46,3.31,"Si Sa Ket"
3,3.64,2.84,2.25,2.64,3.87,2.92,2.43,"Surin"
2.87,4,2.94,3.37,3.54,4,3.52,2.5,"Si Sa Ket"
3,4,1.5,0,2.5,3.35,2,2.14,"Ubon Ratchathani"
3.62,3.75,3.42,2.5,3.67,3.91,3.95,3.7,"Ubon Ratchathani"
2,3.93,1.95,2.87,2.38,3,3.12,2.77,"Kalasin"
3.5,4,2.58,3.5,2.81,3.75,3.5,3.58,"Ubon Ratchathani"
4,4,3.8,3.87,3.83,3.75,3.9,3.12,"Ubon Ratchathani"
2.75,3.75,2.45,3.25,2.6,3.2,2.83,1.87,"Ubon Ratchathani"
3.75,4,3.67,3.25,3.56,3.33,3.93,3.5,"Ubon Ratchathani"
3.12,3.81,2.68,3.62,3,3.8,3.1,2.92,"Ubon Ratchathani"
3.37,3.75,3.77,4,3,4,3,3.5,"Nakhon Phanom"
2.37,3.62,2.3,2.37,2.48,2.37,2.44,2.47,"Si Sa Ket"
2.62,3.75,2.43,3.37,2.38,3.18,2.66,1.62,"Ubon Ratchathani"
3.6,3.75,3.83,3.9,3.44,4,4,3.44,"Surin"
3,3.4,3.06,3.4,2.58,3.5,2.9,2.1,"Khon Kaen"
3.45,4,3.41,3.9,3.38,3.8,3.84,3.51,"Nan"
2.8,4,2.92,3.22,2.41,3.5,2.9,2.1,"Khon Kaen"
3.8,4,2.44,4,2.88,3.9,3.81,3.2,"Ubon Ratchathani"
3.33,3.9,2.39,3.9,2.59,3.63,3.27,3.03,"Roi Et"
3.3,3.83,2.88,4,3.09,3.93,3.43,1.68,"Si Sa Ket"
4,4,3.43,3.75,3.08,3.76,3.94,3.83,"Roi Et"
3.8,4,3.45,3.9,3.51,4,3.85,3.54,"Buri Ram"
3.1,3.95,3.64,3.9,2.23,3.36,3.15,3.16,"Ubon Ratchathani"
3,4,3.25,3.75,3.59,3.22,3.62,3,"Si Sa Ket"
3.7,3.95,3.11,4,3.18,3.58,3.56,3,"Ubon Ratchathani"
3.8,4,3.74,3.4,3.64,3.44,3.94,3.3,"Ubon Ratchathani"
4,4,3.84,3.9,3.83,3.77,3.91,3,"Ubon Ratchathani"
3.26,3.79,3.58,3.33,2.9,3.7,3.41,2.16,"Ubon Ratchathani"
3.06,3.95,1.84,3.75,2.21,3.85,3.17,2.54,"Kalasin"
2.75,3.79,2.48,3.66,2.5,3.33,3.16,3.12,"Ubon Ratchathani"
2.5,3,1.92,2.92,1.8,3.28,2.53,2.47,"Si Sa Ket"
2.08,2.83,1.78,2.33,2.1,3,2.69,1.71,"Ubon Ratchathani"
1.91,3.54,1.36,2.75,1.96,3.75,3.13,1.91,"Ubon Ratchathani"
1.83,3.62,1.67,2.91,1.98,3.42,2.47,1.37,"Ubon Ratchathani"
3.58,3.91,3.55,3.66,3.58,3.91,3.56,3.91,"Ubon Ratchathani"
3.33,3.58,2.9,3.66,2.87,3.95,3.27,3.37,"Ubon Ratchathani"
3.58,4,2.48,3.66,3.06,3.66,3.5,3.63,"Ubon Ratchathani"
2.5,3.66,1.88,3.33,2.17,3.78,2.75,2.16,"Ubon Ratchathani"
3,3.7,3.38,3.5,3.41,3.75,3.62,1.77,"Nakhon Ratchasima"
3.83,4,2.38,4,3,3.83,3.75,3.2,"Ubon Ratchathani"
3,2.91,2.63,2.83,2.61,3.16,4,2.22,"Nong Bua Lam Phu"
3.25,3.33,2.86,3.58,2.53,3.28,3.31,2.25,"Ubon Ratchathani"
0,0,0,0,0,0,0,0,"Bangkok"
2.91,3.41,2.46,3.25,2.42,3.07,2.9,2.44,"Ubon Ratchathani"
3.25,3.66,3.11,3.16,2.86,3.5,3.41,3,"Ubon Ratchathani"
3.16,3.66,2.59,3.66,3.04,3.87,3.09,3.22,"Ubon Ratchathani"
1.58,3.5,1.55,3.41,2.09,3,1.62,2.21,"Ubon Ratchathani"
4,4,1.75,0,2,3.32,3.16,2.2,"Ubon Ratchathani"
3.75,3.84,3.25,3.75,2.53,3.28,3.25,2.66,"Mukdahan"
2.5,3.33,2.76,3.66,3.11,3.3,3.75,3.13,"Surin"
2.08,3.12,2.46,3.58,2.6,2.93,2.57,2.12,"Ubon Ratchathani"
2.58,4,2.82,3.57,2.83,3.44,2.56,2.42,"Nong Bua Lam Phu"
3.33,3.66,2.51,2.91,2.24,3.09,3.91,2.45,"Yasothon"
3.69,4,3.44,3.5,3.07,3.6,3.62,3,"Si Sa Ket"
1.25,2.5,1.25,0,1.5,2.57,2.5,1.5,"Songkhla"
3.25,3.08,3.09,2.78,2.69,3.04,3.75,2.46,"Bueng Kan"
2.82,3.16,3.65,3.85,3.15,3.35,3.72,2.27,"Surin"
2.66,3.16,2.92,3.83,2.72,3.41,2.9,2.41,"Bangkok"
2.16,2.91,1.79,3.16,2.32,2.91,2.73,1.74,"Ubon Ratchathani"
1.75,1,1,2.21,2.5,2.47,3.5,3.75,"Ubon Ratchathani"
3.08,3.4,1.91,3.33,2.92,3.31,2.84,2.28,"Yasothon"
3.08,3.77,2.65,3.5,2.1,4,3.69,2.79,"Si Sa Ket"
3.33,3.62,2.74,3.68,2.89,2.83,3.05,2.58,"Si Sa Ket"
2.43,3.54,1.42,4,1.91,2.27,2.75,1.84,"Buri Ram"
2,2.75,2,2.41,1.94,2.83,2,2.79,"Ubon Ratchathani"
2.08,3.08,1.43,2.91,1.82,3.53,1.75,1.9,"Ubon Ratchathani"
3,3.5,3.05,3.33,2.97,3.91,3.22,2.5,"Udon Thani"
4,4,3.5,0,3,0,0,4,"Ubon Ratchathani"
3.08,3.83,3.01,3.5,3.18,3.62,3.16,2,"Mukdahan"
3.75,4,3.82,3.91,3.37,3.91,3.91,3.77,"Khon Kaen"
3.5,3.7,2.1,3.75,2.26,3.35,2.91,2.38,"Ubon Ratchathani"
3.16,4,3.2,3.91,3.33,3.91,3.66,3.75,"Amnat Charoen"
3.66,3.58,2.9,3.33,3.11,3.4,3.44,2.95,"Ubon Ratchathani"
1.75,3.08,1.55,1.66,1.64,2.15,2.08,1.7,"Ubon Ratchathani"
3,4,2.6,3.5,3.03,4,3.96,2.62,"Ubon Ratchathani"
3.46,3.87,2.82,3.95,3.35,3.45,3.75,3.12,"Ubon Ratchathani"
4,4,3.82,3.87,3.11,3.92,3.71,2.75,"Si Sa Ket"
3.87,4,3.9,4,3.8,3.88,4,4,"Amnat Charoen"
4,3.93,3.93,3.87,3.07,3.25,4,3.37,"Ubon Ratchathani"
3.25,4,3.62,3.62,3.58,3.66,4,3.75,"Ubon Ratchathani"
3.87,4,3.41,3.75,3.68,3.45,3.87,3.31,"Amnat Charoen"
3.75,4,3.2,4,3.83,4,3.75,3.31,"Yasothon"
2.16,1.87,2.74,3.5,2.55,3,2.8,2.64,"Ubon Ratchathani"
3.58,3.56,3.2,3.87,3.51,3.87,3.2,3.67,"Ubon Ratchathani"
2.37,3.43,1.84,3.37,1.95,2.5,2.12,2.06,"Ubon Ratchathani"
3.4,3.62,2.6,3,2.27,3.57,2.92,2.57,"Sakon Nakhon"
4,3.94,3.6,3.75,3.48,3.91,3.62,3.58,"Ubon Ratchathani"
2.91,2.87,3.28,3.14,2.58,3.7,3.13,2.07,"Si Sa Ket"
4,3.87,3.81,3.75,2.96,3.75,4,3.54,"Ubon Ratchathani"
3.5,3.75,2.95,3.92,3.38,3.78,3.68,3.18,"Ubon Ratchathani"
3,3.87,2.43,3.75,2.5,3,2.73,2.5,"Ubon Ratchathani"
2.68,3.91,2.41,3.62,2.89,3.85,2.97,2.97,"Amnat Charoen"
3.04,4,2.39,4,2.85,3.9,3,2.97,"Amnat Charoen"
3.22,3.87,3.18,3.5,3.13,3.45,3.19,3.16,"Ubon Ratchathani"
3.37,3.87,2.6,3.62,3.23,3.78,3.7,2.75,"Mukdahan"
4,3.78,3.67,4,3.83,3.9,4,3.81,"Si Sa Ket"
3.87,3.87,3.02,4,2.85,4,3.85,3.29,"Kalasin"
3.25,3.68,2.68,3.9,3.3,3.46,3.12,3.18,"Ubon Ratchathani"
3.5,3.87,2.55,3.62,3.05,3.85,3.8,2.75,"Mukdahan"
2.25,3.65,2.05,4,3.02,3.6,2.84,2.62,"Buri Ram"
4,3.87,3.13,4,3.7,3.33,3.72,3.25,"Nong Bua Lam Phu"
3.54,3.87,2.54,3.9,2.63,3.72,3.36,2.94,"Roi Et"
3.62,3.81,3.65,4,3.12,3.41,3.45,3.1,"Amnat Charoen"
2.87,3.83,2.2,3.87,2.45,3.37,3.16,3,"Ubon Ratchathani"
2.61,3.5,3.2,3.37,2.43,3.68,2.83,2.61,"Ubon Ratchathani"
3.27,3.75,4,4,3.44,4,3.91,2.12,"Nong Bua Lam Phu"
3.37,3.75,2.5,3.75,1.98,3.85,2.75,2.12,"Khon Kaen"
3.75,4,3.58,4,3.38,4,3.9,3.25,"Roi Et"
4,4,3.93,4,3.54,3.75,3.75,3.81,"Sakon Nakhon"
3.75,4,3.75,4,3.35,4,3.45,3.43,"Sakon Nakhon"
3.16,3.62,1.82,3.75,3.03,3.62,3.39,2.55,"Khon Kaen"
3.7,4,3.67,3.75,3.66,3.81,3.86,3.6,"Bueng Kan"
3.62,3.12,3.5,4,3.36,3.62,3.83,3.68,"Buri Ram"
4,3.75,3.72,4,3.86,4,4,3.75,"Roi Et"
2.37,4,3.29,3.87,3.02,3.87,3.5,3.64,"Nakhon Phanom"
2.81,3.75,2.47,3.75,3.04,3.5,3.38,2.89,"Amnat Charoen"
2.87,3.87,2.82,4,2.35,3.92,3.68,2.93,"Nakhon Phanom"
3.5,4,2.52,4,2.9,4,3.69,2.68,"Kalasin"
2.87,3.62,2.44,3.75,2.25,3.5,3.44,3,"Surin"
4,4,3.58,4,3.86,4,3.85,2.75,"Ubon Ratchathani"
2.87,3,2.71,3.87,2.46,3.5,2.79,1.87,"Roi Et"
3.44,4,2.26,3.5,3.3,3.93,4,3.5,"Si Sa Ket"
3.25,3.62,3.22,4,2.98,3.37,3.43,3.21,"Ubon Ratchathani"
2.9,3.91,3.25,3.75,3.27,3.75,3.2,3.1,"Amnat Charoen"
3.12,3.83,2.5,3.57,2.08,3,3.18,2.16,"Ubon Ratchathani"
2.95,3.75,2.65,3.25,2.52,3.16,3.4,2.26,"Ubon Ratchathani"
3.12,3.93,2.7,4,2.63,4,3.92,3.16,"Kalasin"
3.87,4,4,4,3.82,3.94,3.95,4,"Amnat Charoen"
2.12,3.6,1.95,2.75,3.05,3.95,2.5,2.5,"Buri Ram"
3.87,4,3.88,4,3.7,4,3.9,3.45,"Kalasin"
2.45,3.66,2.39,3.37,2.79,3.5,3.23,3.23,"Amnat Charoen"
3.87,3.75,3.5,3.95,3.5,3.9,3.83,3.57,"Udon Thani"
3.62,3.62,3.82,3.5,3.16,3.22,3.8,3,"Mukdahan"
3.25,3.5,3.65,3.62,2.79,3.22,3.55,3,"Mukdahan"
3.81,4,3.2,3.62,3.3,3.87,3.41,3.35,"Kanchanaburi"
3,3.25,2.25,3.5,3.35,3.29,3.38,2.37,"Si Sa Ket"
3.75,3.91,3.65,4,3.57,3.79,3.57,3.37,"Sakon Nakhon"
2.75,3.75,2.4,2.62,2.55,3.25,3.45,3.04,"Bueng Kan"
2.37,3.25,3,3.12,2.18,2.4,2.5,2.55,"Ubon Ratchathani"
3.63,3.63,3.7,3.25,2.81,3.38,3.67,3.41,"Ubon Ratchathani"
3.87,3.87,2.75,3.87,3.11,3.5,3.6,3.56,"Ubon Ratchathani"
3.62,4,3.27,4,3.52,3.66,3.7,3.5,"Si Sa Ket"
2.87,3.75,1.95,3.37,2.93,3.62,3.61,2.8,"Si Sa Ket"
3.95,3.5,3.42,3.5,3.58,3.75,3.62,3.75,"Ubon Ratchathani"
3.5,3.62,3.1,4,3.35,3.75,3.15,3.75,"Ubon Ratchathani"
2.5,3.41,2.54,3.12,2.52,3.5,2.73,2.5,"Amnat Charoen"
3.37,3.93,3.35,4,3.55,4,3.42,3.5,"Kalasin"
3.62,4,3.82,4,3.35,3.83,4,3.62,"Si Sa Ket"
3.5,4,3.32,3.8,3.25,3.83,3.15,3.55,"Amnat Charoen"
3.62,4,3.7,3.9,3.27,3.66,3.65,3.22,"Amnat Charoen"
3.3,4,2.75,3,2.58,3.4,3.36,3.06,"Nakhon Phanom"
3.45,4,3.38,3.87,3.07,3.6,3.53,2.84,"Chaiyaphum"
2.77,3.75,1.85,3.41,2.77,3.8,2.61,3.18,"Si Sa Ket"
3.87,4,3.75,4,3.89,3.94,3.97,4,"Si Sa Ket"
3.12,3.5,2.56,3.2,3.3,3.46,3.08,2.59,"Ubon Ratchathani"
3,2.93,3.56,3.87,3.23,3.77,3.37,3,"Si Sa Ket"
2.87,3.06,2.62,3.87,2.45,3.12,3.37,3.21,"Ubon Ratchathani"
2.87,3.7,2.33,3.5,3.07,3.68,3.37,3.07,"Si Sa Ket"
4,3.62,3.78,3.62,3.25,3.85,3.54,3.5,"Ubon Ratchathani"
3,4,2.62,3.75,2.12,3,3.28,1.92,"Amnat Charoen"
3.12,4,2.16,2.75,2.15,3.07,3.42,1.8,"Amnat Charoen"
3.62,3.92,3.85,4,3.58,3.5,3.64,3.75,"Roi Et"
3,3.62,2.5,3,2.56,3,2.96,2.37,"Ubon Ratchathani"
2.87,4,3.3,3.37,3.28,3.45,3.54,2.76,"Amnat Charoen"
2.33,2.87,2.93,1.8,3.32,3.36,2.75,3,"Ubon Ratchathani"
2.59,3.66,2.3,3.62,2.86,3.66,3.39,2.76,"Sakon Nakhon"
2.37,3.81,2.27,3,2.29,3.2,2.75,2,"Ubon Ratchathani"
2.88,3.88,2.13,3.75,2.69,3.81,3.6,2.82,"Nong Bua Lam Phu"
3.37,3.62,2.75,3.83,2.11,3.37,3.25,2.42,"Buri Ram"
3.62,3.5,2.77,3.25,3.34,3.75,3.5,3,"Ubon Ratchathani"
3.62,4,4,3.75,3.38,4,3.47,3.37,"Ubon Ratchathani"
3.87,3.87,3.26,3.5,3.54,3.28,3.96,2.68,"Si Sa Ket"
3.77,3.87,3.69,3.87,3.88,3.66,3.5,3.65,"Si Sa Ket"
2.66,3.06,2.43,2.8,3.13,3.22,2.75,3.08,"Ubon Ratchathani"
2.75,3.93,3.29,4,2.82,3.28,3.42,1.84,"Amnat Charoen"
3.87,4,3.62,3.25,2.9,3.81,3.63,3.15,"Ubon Ratchathani"
3.12,3.87,3.1,3.5,3.29,4,3.07,3,"Kalasin"
3.16,3.75,2.7,3.12,3.2,3.66,3.66,2.14,"Ubon Ratchathani"
3.5,3.62,2.34,2.87,2.52,3.36,3.21,2.65,"Ubon Ratchathani"
3.37,3.64,3.43,4,3.16,3.87,3.2,2.83,"Ubon Ratchathani"
3.63,3.58,3.5,3.5,3.17,3.3,3.75,2.66,"Ubon Ratchathani"
4,4,3.86,4,3.75,3.66,4,4,"Si Sa Ket"
4,4,2.75,4,3.02,4,3.79,3.81,"Si Sa Ket"
2.25,2.16,3.18,2.87,2.08,3.5,2.62,2.78,"Ubon Ratchathani"
3.45,4,2.23,3.75,2.24,3.9,3.13,2.5,"Surin"
3.25,4,2.58,3.87,3.58,3.75,3.9,3.45,"Si Sa Ket"
3.12,3,2.87,3.62,2.79,3.35,3.08,3.16,"Nong Khai"
3.37,4,2.62,3.62,3.27,3.58,3.68,2.65,"Udon Thani"
2.87,3.16,2.56,2.62,2.25,3.41,3.12,2.42,"Ubon Ratchathani"
3.62,4,3.65,3.5,2.89,3.5,3.73,2.9,"Ubon Ratchathani"
3.11,3.75,2.9,3.62,3.35,3.8,3.63,3.34,"Si Sa Ket"
3.33,3,3.56,4,3.38,3.83,3.5,3,"Ubon Ratchathani"
4,4,3.81,3.25,2.96,3.79,3.66,3.78,"Ubon Ratchathani"
3.09,3.83,2.75,3.75,3.06,3.85,3.08,3.02,"Amnat Charoen"
3.55,3.8,2.62,3.25,2.28,3.47,3.37,2.58,"Surin"
3.5,3.83,2.8,3.33,3.73,3.5,3.55,3.2,"Amnat Charoen"
4,3.5,3.62,3.75,3.67,4,4,3.58,"Amnat Charoen"
3.37,4,2.42,3.87,2.46,2.75,3.88,2.75,"Ubon Ratchathani"
3,3.81,3.57,2,3.3,3.15,1.37,2.37,"Udon Thani"
3.62,3.9,1.87,3.75,2.62,4,3.12,2.87,"Roi Et"
2.75,2.87,1.7,3.12,2.43,3.5,3.06,2.26,"Ubon Ratchathani"
3.62,3.75,3,3.5,3.01,3.83,3.44,2.87,"Ubon Ratchathani"
4,4,3.25,4,3.65,3.91,3.77,3.07,"Yasothon"
3.75,3.5,2.92,3.12,3.57,3.75,3.72,3.5,"Ubon Ratchathani"
3.87,3.81,2.7,3.75,2.98,3.72,3.58,2.9,"Amnat Charoen"
3.12,3.75,3.07,3.57,2.88,3.46,3.45,2.93,"Ubon Ratchathani"
3.22,3.68,3.43,3.87,2.76,2.9,2.84,2.91,"Ubon Ratchathani"
3.5,3.87,1.57,3.75,2.51,3.25,2.95,2.57,"Ubon Ratchathani"
2.94,3.75,3.2,4,3.26,4,3.6,3.85,"Ubon Ratchathani"
2.55,3,1.95,3.87,2.56,3.6,2.73,2.9,"Si Sa Ket"
3.12,3.93,3.9,3.25,3.66,3.79,3.7,3.59,"Nakhon Phanom"
3.87,4,3.87,4,3.41,3.91,3.91,3.28,"Ubon Ratchathani"
2.5,4,2.25,3.5,2.18,3.62,2.95,2.42,"Ubon Ratchathani"
3.27,3.56,1.98,2.75,2.36,2.44,2.96,2.9,"Mukdahan"
3.12,4,2.87,3.87,3.15,3.5,3.87,2.5,"Yasothon"
3.5,3.83,3.37,3.94,3.57,3.83,3.44,3.29,"Surin"
3.75,4,3.62,4,3.51,4,3.88,3.5,"Si Sa Ket"
3.25,2,3.46,3.75,3.26,3.9,3.22,2.92,"Si Sa Ket"
3.62,4,3.58,4,3.26,3.71,3.75,3.7,"Nakhon Phanom"
3.75,3.75,2.82,4,2.44,3.54,3.72,2.93,"Surin"
4,3.75,3.55,4,3.85,3.53,3.9,3.75,"Amnat Charoen"
3.62,3.43,3.1,2.75,2.94,3.5,3.75,3.25,"Si Sa Ket"
3,4,3.7,4,3.47,4,3.7,4,"Bueng Kan"
3.62,4,3.83,4,4,4,3.95,4,"Bueng Kan"
3.25,3.31,2.79,3.5,2.59,3.5,3.07,2.95,"Ubon Ratchathani"
3.27,3.87,1.94,3.12,2.39,3.38,3.64,2.81,"Mukdahan"
3.05,2.87,2.38,4,2.73,3.16,3.2,2.78,"Ubon Ratchathani"
3.13,3.5,2.5,3.13,2.42,2.75,3.04,2.84,"Ubon Ratchathani"
3.86,4,3.35,4,3.31,3.62,3.71,3.15,"Nong Bua Lam Phu"
3.5,3.75,2.35,3.87,2.45,3.5,3.58,2.26,"Si Sa Ket"
3.45,4,2,3.75,2.94,3.81,3.32,2.88,"Si Sa Ket"
2.22,2.87,3.02,3.75,2.55,2.8,3.29,1.95,"Nong Bua Lam Phu"
3.87,4,2.35,4,3.34,3.58,3.7,2.97,"Ubon Ratchathani"
4,3.9,4,4,3.69,3.75,3.85,3.29,"Kalasin"
2.85,3.33,2.12,3.83,2.33,3.44,3.16,3.13,"Khon Kaen"
3.62,3.5,2.77,3,3,3.67,3.36,3.18,"Ubon Ratchathani"
2.5,3.75,3.27,3.25,2.16,3.5,2.87,2.07,"Khon Kaen"
3.33,4,2.61,3.62,2.89,3.76,3.76,3.22,"Si Sa Ket"
3.12,3.5,2.4,3.37,2.48,3.65,3.16,2.9,"Khon Kaen"
3,4,2.75,3.62,2.66,3.46,3.75,2.87,"Roi Et"
2.62,3.92,2.5,3.75,3.06,3.83,3.13,3.12,"Si Sa Ket"
3.75,3.92,3.75,4,3.88,3.81,3.95,3.91,"Ubon Ratchathani"
3.4,4,3.03,3.75,2.7,3.71,3,2.9,"Si Sa Ket"
3.37,3.68,2.45,3.12,2.17,3.31,3.42,3,"Ubon Ratchathani"
3.45,2.25,2.68,3.6,2.36,3.27,3.18,3.17,"Si Sa Ket"
3.25,4,2.69,4,3.16,3.91,3,3.62,"Ubon Ratchathani"
2.13,3.66,2.39,3.75,2.9,3.45,2.79,2.63,"Amnat Charoen"
3.6,4,3.18,3.87,2.91,3.83,3.66,3.38,"Roi Et"
3.87,3.75,3.28,3.87,3.19,3.9,3.79,3.62,"Ubon Ratchathani"
3.62,3.62,3.21,3.37,2.56,3.4,3.33,3.31,"Ubon Ratchathani"
3.12,3.68,2.55,4,2.5,4,3.66,2.93,"Buri Ram"
3.5,4,3.23,3.5,3.58,3.8,3.77,2.9,"Amnat Charoen"
3.2,2.37,3.5,3.9,3.15,3.36,3.18,3.25,"Si Sa Ket"
2.65,2.75,3.58,3.8,3.03,3.72,3.04,2.32,"Si Sa Ket"
3.72,3.87,3.56,4,3.16,4,3.85,3.2,"Chaiyaphum"
3,2.87,2.36,3.9,2.07,3.81,2.86,2.03,"Si Sa Ket"
3.88,4,3.82,4,3.5,4,3.62,3.42,"Amnat Charoen"
3.63,3.93,2.92,3.87,3.03,4,3.92,3.26,"Sakon Nakhon"
3.38,3.87,3.27,3.75,2.9,3.75,3.66,3.1,"Amnat Charoen"
3.59,3.93,2.67,4,2.83,4,3.84,3.21,"Sakon Nakhon"
3.5,3.93,3.37,3.87,3.47,3.93,3.8,3.57,"Ubon Ratchathani"
2.95,3.93,2.56,3.62,2.68,3.07,2.97,2.6,"Buri Ram"
3.5,3.75,2.62,3.37,2.74,2.5,2.5,2.12,"Si Sa Ket"
2.37,3.56,2.4,2.75,2.22,2.9,2.91,2.2,"Ubon Ratchathani"
3.62,3.81,3.43,3.87,2.87,3.87,3.75,2.91,"Ubon Ratchathani"
3.33,3.83,3.22,3.75,3.17,3.42,3.21,3.28,"Khon Kaen"
3.25,3.68,2.43,3.87,2.25,3.78,3.19,2.5,"Buri Ram"
2.77,3.66,1.82,3.87,2.61,2.61,2.5,2.67,"Yasothon"
3.88,3.87,3.26,4,3.65,3.9,4,3.68,"Si Sa Ket"
2.33,2.8,2.38,3.5,3.03,3.22,2.8,2.9,"Yasothon"
3.55,3.5,2.59,4,3.12,3.96,3.65,3.04,"Si Sa Ket"
2.37,3.9,2,4,2.56,3.83,3.5,2.64,"Yasothon"
3.12,3.12,2.54,3.12,2.57,2.75,3.08,2.62,"Si Sa Ket"
3.5,3.87,2.92,3.5,2.5,3.25,2.75,2.12,"Si Sa Ket"
3.62,3.5,3.43,3.5,2.93,3.6,3.87,3.33,"Ubon Ratchathani"
3.12,3.62,2.8,3.62,2.8,3.81,3.66,3.33,"Si Sa Ket"
3,4,3.5,4,2.98,3.79,3.75,3.21,"Ubon Ratchathani"
2.79,3.93,2.17,2.87,2.92,3.12,3.33,2.42,"Ubon Ratchathani"
3.4,3.62,2.76,3.5,2.46,3.68,3.39,3,"Si Sa Ket"
3.75,4,4,4,3.57,4,3.83,3.9,"Udon Thani"
2.5,3.72,3.06,3.5,2.09,2.7,3.21,2.73,"Nong Bua Lam Phu"
2.75,3.87,1.62,3,3.31,3.28,3.06,2.62,"Roi Et"
3.12,3.81,1.79,3.62,3.68,3.85,3.43,2.87,"Roi Et"
3.76,3.62,2.16,3.5,2.4,3.6,3.46,2.33,"Khon Kaen"
4,3.87,2.75,3.87,3.19,3.75,3.2,3,"Kalasin"
3.62,3.87,2.62,4,2.93,3.87,3.75,3.75,"Bueng Kan"
3.04,3.68,3.56,4,3.05,3.92,3.6,2.87,"Si Sa Ket"
3.38,3.5,2.16,3.5,2.5,2.88,2.76,2.5,"Yasothon"
3.87,4,3.95,3.75,3.4,3.66,3.37,3.66,"Bueng Kan"
2.5,3.66,2.77,4,3.11,3.85,2.5,3.23,"Amnat Charoen"
2.54,3.5,2.14,3.75,1.89,3.3,1.88,2.39,"Amnat Charoen"
2.87,3.43,3.17,3.37,2.55,3.1,2.86,2.31,"Sakon Nakhon"
3.75,3.5,3.2,3.87,3.15,3,3.58,3.37,"Si Sa Ket"
3.62,3.81,3.87,3.75,3.1,3.8,3.75,2.45,"Ubon Ratchathani"
3.37,3.5,2.18,3.56,2.39,3.2,3.31,1.65,"Ubon Ratchathani"
3.75,3.93,3.06,3.87,3.27,4,3.96,2.75,"Ubon Ratchathani"
3.2,3.93,2.85,3.5,2.33,3.85,3.15,2.9,"Si Sa Ket"
3.5,4,3.1,4,3.05,3.92,3.71,3.1,"Si Sa Ket"
3.12,3.37,2.62,2.33,3.03,2.83,3.4,1.59,"Ubon Ratchathani"
3,3.81,2.6,4,2.66,3.22,2.68,2,"Udon Thani"
2.88,4,2,3.5,2.45,3.25,3.5,2.61,"Buri Ram"
1.62,3.58,2.95,3.5,2.65,3.62,3.08,2.83,"Si Sa Ket"
2.9,3.41,2.97,3.87,3.05,3.7,3,3.02,"Amnat Charoen"
2.37,2.5,3.62,3.12,2.84,3,2.87,3.31,"Khon Kaen"
2.95,3.93,2.25,3.87,2.6,3.57,3.41,2.45,"Buri Ram"
2,3.45,1.97,3.62,2.21,3.85,2.71,2.5,"Buri Ram"
3.29,3.75,3.93,4,3.43,3.89,3.67,2.93,"Si Sa Ket"
2.87,3.75,2.84,4,2.82,3.29,3.65,2.91,"Roi Et"
3.62,3.68,3.75,3.56,2.9,3.8,3.75,2,"Ubon Ratchathani"
3.62,3.8,2.78,3.12,2.83,3.91,3.71,2.62,"Si Sa Ket"
3.45,3.75,2.97,3.75,3.1,3.95,3.41,3.31,"Amnat Charoen"
2.5,4,3.36,3.6,3.13,3.92,3.54,2.96,"Si Sa Ket"
3,3.56,2.85,3,2.67,3.25,3.3,1.92,"Ubon Ratchathani"
3.87,3.87,3.72,4,3.87,3.33,3.83,3.87,"Surin"
3.37,3.75,2.42,3,2.61,3.64,3.2,2.87,"Si Sa Ket"
3.5,4,3.92,3.87,3.66,3.91,3.2,3.12,"Surin"
3.37,3.75,3.05,3.37,2.78,3.9,3.73,2.16,"Amnat Charoen"
3.4,3.81,2.5,3.87,2.9,3.57,3.41,3.1,"Buri Ram"
2.6,3.75,2.3,3.37,2.37,4,3.23,2.97,"Maha Sarakham"
3.4,3.44,2.48,4,2.14,3.88,3.4,3.46,"Roi Et"
3.75,4,2.64,2.62,2.95,3.85,3.79,2.93,"Ubon Ratchathani"
3.75,3.62,2.75,3.75,3.08,3.43,2.87,3.25,"Ubon Ratchathani"
2.87,3.87,2.81,2.62,2.56,2.75,3.54,2.4,"Sakon Nakhon"
3,3.77,3.65,3.62,2.63,3.75,3.66,2.41,"Roi Et"
3.16,3.56,1.4,3.62,2.41,3.75,3.2,2.72,"Chaiyaphum"
3.44,3.87,3.68,4,3.55,4,3.8,3.14,"Ubon Ratchathani"
3,3.87,2.41,3.5,2.79,3.62,2.37,2.25,"Chai Nat"
2.37,3.81,2.82,3.12,2.25,3.37,3.38,2.65,"Nong Bua Lam Phu"
2.37,3.37,2.33,3.66,2.81,3.38,3.28,1.67,"Si Sa Ket"
3.87,3.68,2.55,3.75,3.2,3.95,3.75,2.6,"Amnat Charoen"
3.05,3.68,1.92,3.75,2.28,3.91,3.42,2.29,"Ubon Ratchathani"
3.5,4,3.83,0,3.71,3.66,4,3.92,"Ubon Ratchathani"
2.77,3.66,2.75,3.12,2.96,3.65,3,2.86,"Amnat Charoen"
3.22,3.41,2.83,3.87,2.92,3.85,2.5,3.23,"Amnat Charoen"
3.62,4,3.79,4,3.93,4,4,3.83,"Mukdahan"
2.75,3.91,2.2,3,2.19,2.77,3.04,2.93,"Amnat Charoen"
2.84,3.37,3,3.75,3.12,3.5,3.12,3,"Yasothon"
3.5,3.62,3.35,3.5,3.35,3.7,3.78,3.8,"Chaiyaphum"
3.5,3.37,3.59,3.75,3.43,3.81,3.79,3.53,"Si Sa Ket"
3,3.87,3.87,3.87,3.34,3.5,3.25,2.62,"Yasothon"
3.75,4,3.37,3.75,3.02,4,3.7,3.82,"Roi Et"
3.12,3.93,3.32,4,3.42,3.84,3.85,2.67,"Roi Et"
3.3,2.12,2.63,3.8,2.36,3.45,2.9,2.82,"Si Sa Ket"
3.68,3.91,3.65,4,3.28,3.8,3.77,3.75,"Kalasin"
1.75,3.45,2.02,3.12,2.39,3.45,2.56,2.62,"Buri Ram"
2.12,2.83,2.08,3.5,1.87,2.84,3.22,2.5,"Saraburi"
3.62,4,3.7,4,3.51,3.25,3.78,3.83,"Chaiyaphum"
3.5,3.87,2.32,3,2.76,3,3,2.37,"Si Sa Ket"
3,3.8,3.57,3.5,3.03,3.91,2.91,2.2,"Nakhon Ratchasima"
4,3.75,3.68,4,3.39,3.9,3.65,3.7,"Ubon Ratchathani"
3.66,3.62,2.9,4,3.32,3.37,3.76,3.3,"Ubon Ratchathani"
3.77,3.71,3,4,2.93,3.7,3.7,2.56,"Si Sa Ket"
3.12,4,2.91,3.5,2.47,3.58,2.1,2.16,"Kalasin"
3.5,3.5,3.76,3.62,3.47,3.91,3.76,3.75,"Buri Ram"
2.22,3.25,2.02,3.25,1.88,3.62,2.45,1.61,"Ubon Ratchathani"
4,3.6,3.59,3.8,3.6,4,3.9,3.69,"Amnat Charoen"
3,3.8,3.22,3.66,2.96,3.55,3.32,3.15,"Ubon Ratchathani"
3.04,3.28,2.51,4,2.67,3.16,3,2.81,"Ubon Ratchathani"
3.4,3.95,3.7,3.7,3.55,3.66,4,3.42,"Ubon Ratchathani"
3,3.85,2.78,3.5,3,4,3.92,2.64,"Ubon Ratchathani"
3.6,3.6,3,3.8,3.01,3.36,3.1,3.2,"Ubon Ratchathani"
2.38,1.58,2.84,3.19,1.96,3.75,2.56,1.89,"Ubon Ratchathani"
3.69,3.77,3.64,4,3.78,3.93,4,3.7,"Si Sa Ket"
3.9,4,3.92,4,3.81,3.92,4,4,"Amnat Charoen"
3.8,3.94,3.77,4,3.84,3.85,3.96,3.93,"Ubon Ratchathani"
3.7,4,3,4,3.77,3.93,3.78,3.25,"Yasothon"
3.8,4,3.6,4,3.49,4,3.83,3.52,"Si Sa Ket"
4,3.95,3.62,3.8,3.48,3.92,3.7,3.62,"Ubon Ratchathani"
3.4,3.85,3.62,3,3.54,3.85,3.91,3.33,"Nakhon Phanom"
3.8,3.85,3.94,3.9,3.21,3,4,3.26,"Ubon Ratchathani"
3.7,3.75,3.83,3.8,3,3.5,4,3.5,"Ubon Ratchathani"
3.55,3.8,2.88,3.96,3.34,3.26,3.57,3.2,"Ubon Ratchathani"
3.9,3.75,3.73,4,3.33,3.86,3.67,3.73,"Ubon Ratchathani"
3.4,3.85,3.44,3.8,2.93,3.5,3.8,3,"Ubon Ratchathani"
3.5,3.5,3.36,3.6,3.14,3.36,3.64,2.83,"Ubon Ratchathani"
3.9,3.9,3.43,3.57,3.63,3.47,3.96,2.66,"Si Sa Ket"
3.62,3.7,2.92,4,3.22,3.37,3.75,3.32,"Ubon Ratchathani"
4,4,2.84,3.8,3.16,4,3.76,3.8,"Si Sa Ket"
3.3,3.8,3.02,3.94,3.37,3.82,3.42,3.05,"Ubon Ratchathani"
3.2,3.3,2.86,3.5,2.59,3.5,2.87,2.86,"Ubon Ratchathani"
3.68,3.6,3.26,3.9,3.41,3.87,3.27,3.65,"Ubon Ratchathani"
3.37,3.75,2.72,3.1,3.19,3.66,3.72,2.3,"Ubon Ratchathani"
2.5,3.5,1.78,3.3,1.9,2.88,2.25,2.21,"Ubon Ratchathani"
3.8,3.9,3.66,3.91,3.5,4,3.89,3.53,"Roi Et"
3.33,3.85,2.73,3.7,3.28,3.81,3.76,2.8,"Mukdahan"
3.1,3.2,2.7,3.5,2.58,3.3,3.1,3,"Nong Khai"
3.1,3.62,2.5,3.41,3.01,3.47,3.15,2.41,"Si Sa Ket"
1.83,2.87,1.5,2.25,1.6,2.41,1.65,1.73,"Ubon Ratchathani"
3.5,3.5,2.16,0,3.75,0,3.5,3.42,"Ubon Ratchathani"
0,0,0,0,0,0,0,0,"Yasothon"
0,0,0,0,0,0,0,0,"Nong Khai"
3.76,3.77,2.85,4,2.92,3.8,3.75,2.75,"Si Sa Ket"
3.16,3.2,2.53,3,2.18,3.61,2.9,1.83,"Si Sa Ket"
2.5,3.91,1.68,2.83,2.44,3.62,3.35,2.33,"Yasothon"
3.46,3.5,2.7,3.16,2.54,3.64,3.1,2.53,"Sakon Nakhon"
3.5,3.37,2.75,0,3,3.53,3.25,1.94,"Ubon Ratchathani"
3.1,3.39,1.62,3.58,1.95,3.41,2.47,1.9,"Si Sa Ket"
3.69,3.62,2.63,3.75,3.24,3.96,3.82,2.7,"Amnat Charoen"
3,4,3,2,2,3,2,2,"Si Sa Ket"
3,3.58,2.1,2.66,2.36,3.26,2.58,1.58,"Yasothon"
2.5,3.55,2.98,3.1,2.46,3.5,2.46,2.5,"Si Sa Ket"
3.16,3.75,2.85,3.5,2.34,2.66,3.41,2.54,"Ubon Ratchathani"
2.7,2.62,2.25,3.75,3,3.09,3.84,3.29,"Ubon Ratchathani"
2.41,3.25,2.98,2.75,2.12,3.06,2.4,1.05,"Nakhon Ratchasima"
1.75,2.58,1.66,2.33,1.73,1.7,1.31,1.85,"Ubon Ratchathani"
3,3.44,2,3.4,1.75,3.3,2.88,3.25,"Ubon Ratchathani"
2.91,3.58,2.8,2.16,2.64,2.68,3.08,1.41,"Mukdahan"
1.25,2.91,2.59,3.16,1.96,2.9,1.75,2.15,""
2.87,3.5,2.88,2.66,2.17,3.45,3.14,2.5,"Si Sa Ket"
3,3.68,2.43,3.62,2.33,3.66,2.68,2.26,"Ubon Ratchathani"
3,3.5,3.37,3.37,3.63,3.5,3.77,3.4,"Ubon Ratchathani"
4,4,3.92,4,4,3.91,4,4,"Surin"
2.37,3.75,3.85,3.37,3.52,2.75,2.95,3,"Ubon Ratchathani"
4,4,3.72,4,3.96,3.91,3.91,4,"Surin"
2.87,3.81,3.54,4,3.06,4,3.16,3.58,"Ubon Ratchathani"
3.75,3.87,3.15,3.75,3.3,3.62,3.14,3.62,"Ubon Ratchathani"
3.25,3.93,3.58,3.87,3.31,3.5,3.75,2.66,"Ubon Ratchathani"
4,3.81,3.43,4,3.58,4,4,3.5,"Ubon Ratchathani"
3.1,3.83,2.95,3.75,3.18,3.75,2.91,2.56,"Ubon Ratchathani"
3.5,4,3.85,4,3.39,4,4,3.93,"Nakhon Phanom"
4,4,3.5,4,3.5,3.87,3.95,3.73,"Roi Et"
3.75,3.33,2.58,4,3.42,2,3.6,3.42,"Ubon Ratchathani"
3.66,4,3.68,3.75,3.18,3.86,2.95,3.75,"Roi Et"
4,3.58,3.91,3.62,3.38,3.66,3.7,3.58,"Ubon Ratchathani"
2.87,4,3.52,3.62,3.28,3.86,3.85,3.26,"Nakhon Phanom"
3.88,3.93,3.72,3.62,3.86,4,3.84,3.25,"Ubon Ratchathani"
3.5,3.81,3.63,4,2.9,3.71,4,2.06,"Roi Et"
3.27,3.37,3.59,2.37,3.16,3.66,3.03,2.31,"Ubon Ratchathani"
3.25,3.87,3.17,3.87,3.65,3.95,3.41,2.93,"Yasothon"
4,4,3.37,4,3.42,3.91,3.93,3.35,"Ubon Ratchathani"
3.75,3.5,2.47,3.87,2.75,3.78,3.29,3.6,"Ubon Ratchathani"
2.12,3.5,1.43,2.87,2.5,3.41,2.45,2.33,"Ubon Ratchathani"
3.75,3.93,4,3.75,3.72,3.62,3.72,3.56,"Ubon Ratchathani"
3.5,3.68,4,3.62,3.48,3.68,3.91,3.9,"Ubon Ratchathani"
3,4,3.75,3.75,2.96,3.5,3.22,3.5,"Yasothon"
3.77,4,3.54,3.37,3.13,3.5,3.84,3.4,"Ubon Ratchathani"
3.87,4,3.93,3.87,3.63,4,3.85,3.57,"Nakhon Phanom"
3,3.81,3.12,3,2.27,3.6,3.43,3.18,"Ubon Ratchathani"
2.75,3.87,2.47,3.12,2.43,3.67,3,2.93,"Nakhon Phanom"
2.61,3.68,3.02,3.25,2.33,2.16,3.15,2.62,"Ubon Ratchathani"
3.37,4,3.93,3.87,3.05,4,3.8,3.5,"Buri Ram"
3.75,3.62,3.3,3.75,2.86,3.33,3.57,3.5,"Ubon Ratchathani"
3,3.93,2.83,3.37,2.82,2.66,3.26,2.9,"Ubon Ratchathani"
3.37,3.75,3.15,4,3.35,4,3.65,3.15,"Roi Et"
3.25,3.62,2.87,4,3.23,3.68,3.5,2.46,"Si Sa Ket"
3.72,3.87,3.57,4,3.59,4,4,3.18,"Sakon Nakhon"
3.87,3.87,3.95,3.87,3.65,3.95,3.75,3.72,"Si Sa Ket"
3.87,3.5,3.75,3.87,3.3,3.7,3.78,2.92,"Yasothon"
3.75,4,4,4,3.9,3.91,4,4,"Mukdahan"
3.75,3.87,3.45,4,2.71,3.83,3.54,3.56,"Si Sa Ket"
3.37,3.62,3.72,3.62,3.17,3.05,3.84,2.69,"Yasothon"
3.62,3.16,3.02,4,3,3.66,3.6,3.28,"Ubon Ratchathani"
2.75,3.66,3.45,3.62,3.23,3.88,3.26,2.83,"Roi Et"
3.5,3.92,3.87,3.87,3.57,3.83,3.9,3.5,"Surin"
3.5,3.62,3.75,4,3.41,3.75,3.93,3.04,"Surin"
2.87,3.5,2.45,3.37,2.68,3.05,2.87,2.44,"Si Sa Ket"
3.87,3.83,2.45,3.87,3.33,3.95,4,3.07,"Si Sa Ket"
3.12,3.87,3.75,3.37,3.39,3.86,3.45,2.96,"Yasothon"
3.12,3.75,2.75,3.12,2.58,3.83,3.65,2.68,"Amnat Charoen"
2.12,3,1.6,3.25,2.11,3,2.15,2.56,"Ubon Ratchathani"
3.15,3.83,3,3.75,3.51,3.66,3.54,3.13,"Si Sa Ket"
3.62,3.87,3.12,4,3.78,3.78,3.58,3.06,"Yasothon"
3.5,3.87,3.41,3.62,3.08,3.85,3.5,2.12,"Amnat Charoen"
3.72,3.87,3.7,3.62,3.41,4,3.75,3.61,"Si Sa Ket"
2.44,3.75,2.52,3.25,2.45,2.83,2.73,2.56,"Ubon Ratchathani"
4,4,3.45,4,3.69,3.58,3.59,4,"Si Sa Ket"
4,3.87,3.95,4,3.92,3.85,4,3.92,"Amnat Charoen"
3.87,3.75,3.18,4,2.8,3.75,4,2.83,"Ubon Ratchathani"
4,3.87,3.91,4,3.61,4,3.54,3.8,"Si Sa Ket"
3.87,3.87,3.81,3.87,4,4,4,4,"Ubon Ratchathani"
3.37,3.5,2.95,4,2.63,3.16,3.1,3.35,"Ubon Ratchathani"
3.27,3.5,2.81,3.87,2.97,3.9,3.7,3.1,"Si Sa Ket"
3.61,3.5,3.56,4,3.44,4,3.8,3.9,"Si Sa Ket"
2.75,3.77,1.72,3.37,2.4,2.85,3.08,2.35,"Si Sa Ket"
4,3.87,3.63,3.87,3.72,3.62,3.59,3.62,"Ubon Ratchathani"
2.61,3.62,2.57,2.87,2.3,2.83,2.88,2.87,"Ubon Ratchathani"
3.4,3.5,3.14,3.12,2.61,3.22,3.5,2.5,"Ubon Ratchathani"
3.12,3.83,3.41,3.75,3.25,3.5,4,2.78,"Yasothon"
3.87,3.5,2.54,4,2.82,3.7,3.45,3.25,"Roi Et"
3.05,3.75,3.23,3.62,3.14,2.72,3.63,3.44,"Amnat Charoen"
3.61,3.87,2.04,4,3.18,3.55,3.29,3.22,"Ubon Ratchathani"
1.87,2.87,2.75,3,2.57,3.57,2.25,2.68,"Ubon Ratchathani"
3.3,3.64,2.78,3.75,3.04,4,3.37,3.56,"Si Sa Ket"
3.55,3.87,3.22,3.37,3.07,3.83,3.57,3.28,"Ubon Ratchathani"
3.87,3.75,3.25,3.75,3.58,3.81,3.83,3.59,"Si Sa Ket"
3.44,3.18,2.65,2.87,3.21,3.12,3.25,3.19,"Ubon Ratchathani"
2.95,4,2.83,3.25,2.55,3.35,2.5,3.18,"Ubon Ratchathani"
3.81,3.87,3.93,3.58,3.64,3.6,3.9,3.72,"Mukdahan"
2.62,3.75,3,2.62,3.26,3.5,3.4,3.18,"Ubon Ratchathani"
3.16,3.87,2.58,3.25,2.95,3.27,3.33,2.67,"Amnat Charoen"
2.9,3.65,3.03,3.9,2.26,3.87,3,2.72,"Sakon Nakhon"
4,3.9,3.96,4,3.94,3.76,4,3.94,"Amnat Charoen"
3.68,3.7,2.26,3.7,3.26,3.55,3.25,3.25,"Ubon Ratchathani"
3.22,3.9,2.57,3.2,2.94,3.27,3.41,2.64,"Amnat Charoen"
3.27,3.6,3.74,4,3.65,3.95,3.6,3.98,"Yasothon"
3.9,4,2.95,3.8,3.71,3.81,3.34,3.72,"Yasothon"
3.9,3.83,3.89,2.88,3.59,4,3.68,2.93,"Si Sa Ket"
3.75,3.95,3.93,4,3.71,3.44,3.37,3.5,"Roi Et"
3.8,3.9,4,3.8,3.75,3.7,3.75,3.55,"Ubon Ratchathani"
3.8,3.9,3.83,3.9,4,4,3.83,4,"Ubon Ratchathani"
3.1,3.25,3.16,3.3,3.08,3.68,2.53,3.28,"Ubon Ratchathani"
2.23,3.25,2.42,2.9,2.58,3.05,3.02,2.34,"Ubon Ratchathani"
2.2,3.25,3.1,2.77,2.83,3.55,3.43,2.31,"Si Sa Ket"
3.38,3.25,2.66,3,3.17,3.12,3.17,3.2,"Ubon Ratchathani"
2.95,3.7,3.15,3.1,3.12,2.63,3.61,3.28,"Amnat Charoen"
3,3.33,3.53,3,3.08,3.72,3.5,3.11,"Si Sa Ket"
2.7,3.8,3,2.9,3.36,3.3,3.5,3,"Ubon Ratchathani"
2.9,3.86,2.4,3.7,3.3,3.73,3.71,2.72,"Si Sa Ket"
2.68,3.75,3.01,3.3,2.4,2.5,3.2,2.5,"Ubon Ratchathani"
3.09,3.95,2.88,3.5,3.01,3,3.33,2.97,"Ubon Ratchathani"
3.4,3.64,3.34,3.3,2.86,3.3,3.5,2.61,"Ubon Ratchathani"
3.31,3.45,3.48,2.6,3.12,3.66,3.03,2.54,"Ubon Ratchathani"
2.3,3.4,2.94,3.9,2.79,3.35,2.02,2.14,"Si Sa Ket"
3.4,3.75,4,3.7,3.55,3.75,3.93,3.92,"Ubon Ratchathani"
3,3.8,3.15,3.62,3.43,3.55,3.13,3.08,"Roi Et"
3.63,3.9,3.18,3.5,3.18,3.83,3.6,3.26,"Ubon Ratchathani"
3.3,3.87,3.33,3.8,3.23,3.57,4,2.61,"Yasothon"
2.36,3.8,2.63,3.2,2.42,3,2.8,2.59,"Ubon Ratchathani"
3.18,3.4,2.42,2.9,2.43,3.92,3.34,2.83,"Ubon Ratchathani"
1.6,3.75,2.3,3.7,2.62,3,2.76,2.33,"Yasothon"
3.81,3.7,3.23,3.4,2.77,3.16,3.17,2.33,"Amnat Charoen"
3.54,3.85,3.5,3.6,2.96,3.44,3.03,2.13,"Amnat Charoen"
2.59,2.9,2.62,3.5,2.87,3.63,2.66,2.5,"Yasothon"
3.5,3.86,2.52,3.9,3.3,3.96,4,3.08,"Si Sa Ket"
3.37,3.5,3.01,3.9,2.61,3.16,3.16,3.31,"Ubon Ratchathani"
3.8,3.3,2.69,4,3.34,2,3.66,3.5,"Ubon Ratchathani"
3.9,3.91,4,4,3.82,3.97,4,3.6,"Nong Khai"
3.23,3.25,2.74,3.3,3,3,3.92,2.62,"Ubon Ratchathani"
3.76,3.9,3.76,3.5,3.4,4,3.77,3.68,"Si Sa Ket"
2.85,3.45,1.7,3.6,2.4,2.81,2.9,2.33,"Roi Et"
3.29,3.64,3,3.78,3.52,3.71,3.56,3.24,"Si Sa Ket"
3.6,3.83,3.71,4,2.97,3.77,4,2.33,"Roi Et"
3.83,3.55,2.59,3.9,2.7,3.75,3.36,3.41,"Ubon Ratchathani"
3.6,3.4,3.03,3.8,2.95,3.66,3.66,3.18,"Ubon Ratchathani"
3.73,3.95,3.04,3.9,3.17,3.5,3.82,3.54,"Ubon Ratchathani"
2.8,3.4,1.24,3.8,2.11,3.64,2.64,2.29,"Ubon Ratchathani"
2.6,3.25,2.94,3.3,2.45,3.33,2.5,2.64,"Ubon Ratchathani"
3.1,4,3.78,3.6,3.05,3.57,3.31,3.36,"Yasothon"
3.4,4,3.39,3.9,2.97,3.83,3.64,3.41,"Nakhon Phanom"
3.3,3.65,2.94,4,3.31,3.75,3.44,2.66,"Si Sa Ket"
3.1,3.2,3.46,3.9,2.85,3.53,3.53,3.07,"Si Sa Ket"
3.2,3.7,2.83,3.1,2.53,3.1,3.65,2.65,"Amnat Charoen"
3.1,3.6,3.33,3.4,3.68,3.5,3.8,3.42,"Ubon Ratchathani"
3.57,3.9,2.7,4,2.78,4,3.71,3.5,"Bueng Kan"
2.53,3.85,3.24,3.2,2.59,3.5,3.2,2.52,"Ubon Ratchathani"
3.9,3.6,2.7,3.4,2.13,3.7,2.53,2.68,"Roi Et"
3.8,3.5,3.74,3.9,3.27,3.75,3.83,3,"Yasothon"
3.64,4,2.9,3.9,3.15,3.88,3.96,3.33,"Si Sa Ket"
3,3.5,2.68,3.3,2.54,3.65,3.03,2.83,"Nakhon Phanom"
2.6,3.35,3.24,3.5,2.3,3.25,3.43,2.77,"Ubon Ratchathani"
2.5,3.9,2.59,3.4,2.79,3.36,3.58,3,"Amnat Charoen"
3.33,3.86,3,4,2.81,3.38,3.45,3.58,"Roi Et"
3.63,3.85,2.69,3.6,2.85,4,3.59,3.38,"Ubon Ratchathani"
2.6,3.66,2.52,3.2,2.8,3.62,3.17,3.05,"Amnat Charoen"
3.63,4,3.9,4,3.74,3.84,3.78,3.88,"Kalasin"
3.9,4,3.44,4,3.51,3.93,3.94,3.36,"Ubon Ratchathani"
2.45,3.9,2.8,3.5,2.1,3.42,3.2,2.81,"Roi Et"
3.62,3.35,2.76,3.3,2.32,3.2,2.63,3,"Kalasin"
4,4,3.32,4,3.65,3.66,3.58,4,"Si Sa Ket"
3.66,3.9,3.32,3.83,3.32,3.7,3.23,3.66,"Ubon Ratchathani"
2.8,3.68,2.42,3.8,2.27,3.4,3.25,1.89,"Kalasin"
3.36,3.78,3.6,3.2,3.16,3.59,3.25,2.98,"Surin"
2.8,3.7,3.5,3.7,3.29,3.85,3.43,2.58,"Roi Et"
3.4,4,3.94,3.9,3.11,3.56,3.7,3.4,"Buri Ram"
3.4,3.9,3.29,3.9,3.65,3.95,3.5,3,"Yasothon"
3,3.64,3.05,3.7,2.6,3.46,2.62,3.23,"Si Sa Ket"
3.5,3.9,3.26,4,2.67,3.72,3.37,3.55,"Roi Et"
2.72,3.9,2.33,3.5,2.42,3.36,2.71,2.3,"Buri Ram"
2.9,3.8,3.33,3.6,2.6,3.38,3.21,2.03,"Amnat Charoen"
4,4,2.85,4,3.24,3.9,4,3.78,"Mukdahan"
3.6,4,2.77,3.5,2.69,4,3.78,2.87,"Udon Thani"
3.8,3.77,3.28,4,2.91,3.86,3.6,3.52,"Si Sa Ket"
3.8,3.5,2.56,3.83,3.02,3.75,3.35,3.4,"Roi Et"
3.7,4,3.33,3.9,3.69,3.57,4,3.29,"Udon Thani"
4,4,3.62,4,3.78,3.9,3.93,3.82,"Udon Thani"
2.95,3.77,2.76,3.8,2.8,3.55,3,3.07,"Khon Kaen"
3.2,4,2.68,3.7,3.1,3.4,3.5,2.86,"Si Sa Ket"
4,3.95,3.8,4,3.51,3.9,3.33,3.41,"Chaiyaphum"
2.1,3.4,1.7,2.7,2.43,3.5,2.6,2.14,"Ubon Ratchathani"
3.76,3.9,3.66,4,3.65,4,4,3.2,"Sakon Nakhon"
1.87,3.31,1.42,3.25,1.5,3.4,2.5,2.03,"Buri Ram"
3.6,3.9,2.87,3.6,3.36,3.92,3.42,3.65,"Surin"
3.2,4,2.65,3.65,2.58,3.46,2.96,3.03,"Si Sa Ket"
3.31,3.85,3.73,3.4,3.37,3.89,3.39,3.02,"Yasothon"
3.45,3.75,2.25,3.8,2.58,3.66,3.16,3.2,"Surin"
2.7,3.8,2.06,2.66,2.32,3.5,3.03,2.37,"Kalasin"
2.8,3.95,2.84,3.6,3.01,3.26,3.71,2.46,"Si Sa Ket"
3.81,4,3.51,3.5,3.25,3.5,3.86,3.4,"Ubon Ratchathani"
3.68,3.4,3.55,4,3.45,4,3.84,3.82,"Si Sa Ket"
3.7,3.5,3.18,3.8,3.48,3.83,3.81,3.52,"Si Sa Ket"
3.8,3.5,2.33,3.7,2.89,3.31,2.82,2.83,"Ubon Ratchathani"
2.7,4,3.4,3.5,3.22,3.89,3.61,3.18,"Nakhon Phanom"
3,3.85,3.08,3.3,2.31,3.69,3.34,3.1,"Ubon Ratchathani"
3.6,4,3.1,3.9,2.89,3.75,3.5,3.64,"Ubon Ratchathani"
3.27,3.92,2.39,2.9,2.61,3.47,3.04,3,"Surin"
3,4,3.53,3.8,3.17,3.6,3.85,3.01,"Bueng Kan"
2.5,4,3.16,3.7,3.02,3.64,3.56,2.61,"Yasothon"
3.5,3.8,2.44,3.6,2.6,3.68,3.14,2.45,"Ubon Ratchathani"
4,3.75,3.88,3.7,3.53,3.8,3.66,3.4,"Ubon Ratchathani"
2.13,3.95,1.9,3.7,2.37,3.66,3.06,2.24,"Maha Sarakham"
3.09,4,2.67,3.4,2.95,3.77,3.5,2.73,"Amnat Charoen"
3.1,4,3.12,3.7,2.63,3.7,2.68,3.5,"Khon Kaen"
3.13,3.05,3.34,3.8,2.71,3.5,3.25,3.17,"Ubon Ratchathani"
3.8,3,3.05,3.6,2.54,3.06,3.32,2.5,"Surin"
2.2,3.45,3.22,3.3,2.56,3.7,2.97,2.8,"Udon Thani"
3.86,4,3.5,4,3.43,3.9,3.96,3.39,"Roi Et"
3.3,3.72,2.21,3.5,2.31,3.37,3.72,2.17,"Udon Thani"
3.4,3.6,2.38,3.7,2.97,3.5,2.92,2.7,"Ubon Ratchathani"
3.3,4,3.81,4,3.81,3.3,4,3.01,"Si Sa Ket"
3.1,3.88,3.16,3.8,2.65,3.8,3.17,3,"Si Sa Ket"
2.8,3.4,3.81,3.5,3.25,3.64,3.32,2.36,"Bangkok"
2.5,3.72,1.72,3.5,2.33,2.88,3.18,2.28,"Si Sa Ket"
3.35,3.94,2.78,3.7,2.71,3.75,3.35,2.8,"Udon Thani"
3.4,3.95,3.64,3.9,3.33,3.5,3.68,2.81,"Ubon Ratchathani"
2.86,3.6,2.3,3.4,2.47,3.57,3.56,2.78,"Ubon Ratchathani"
2.9,3.81,2.87,2.9,2.91,3.4,3.29,2.82,"Nong Bua Lam Phu"
3.3,3.56,2.97,3,2.87,3.95,3.08,3.28,"Nong Bua Lam Phu"
3.6,3.8,2.56,3.7,2.46,3.5,3.3,2.94,"Nakhon Ratchasima"
3.2,3.95,2.9,4,3.44,3.85,3.33,3.21,"Kalasin"
3.72,4,3.09,3.8,3.59,4,3.58,3.33,"Amnat Charoen"
1.9,3.62,3.56,3.6,2.97,2.85,2.96,2.33,"Yasothon"
3.9,3.9,3.03,4,2.28,3.3,3.75,3.25,"Surin"
3,3.75,2.98,3.3,2.67,3.63,3.03,2.47,"Ubon Ratchathani"
3.9,4,3.78,4,3.97,3.92,3.92,3.95,"Surin"
3.05,4,4,0,4,4,3.5,4,"Si Sa Ket"
4,3.88,3.27,4,3.68,3.75,3.65,3.15,"Udon Thani"
2.9,3.65,3.5,4,2.96,3.96,2.92,3.26,"Ubon Ratchathani"
3.22,3.7,2.65,3.5,3.14,3.86,3.41,3,"Amnat Charoen"
3.9,3.9,3.36,3.8,3.5,3.86,3.86,3.86,"Chon Buri"
2.88,3.55,2.78,3,2.66,3.75,2.46,2.44,"Ubon Ratchathani"
4,4,3.94,4,3.97,3.92,4,3.9,"Surin"
3.6,3.9,3.88,3.8,3.76,4,3.76,3.68,"Mukdahan"
3.3,3.85,2.94,3.6,2.59,4,3.62,3.61,"Kalasin"
3.3,3.45,2.94,3.7,3.33,3.08,2.53,2.06,"Ubon Ratchathani"
3.25,3.8,1.68,3.5,2.5,3.35,3.06,3.03,"Buri Ram"
3.7,3.8,3.16,4,2.84,3.75,3.96,2.75,"Ubon Ratchathani"
3.5,3.66,2.59,3.6,3.12,3.86,3.78,3.4,"Si Sa Ket"
4,4,3.8,4,3.5,3.96,3.96,3.78,"Ubon Ratchathani"
3.03,3.7,3.78,3.7,3.21,3.12,3.88,2.68,"Yasothon"
3,3.5,3.32,3.5,2.95,3.05,3.46,3.05,"Si Sa Ket"
3.6,3.35,3.66,3.3,3.43,3.68,2.64,3.48,"Ubon Ratchathani"
3.42,3.72,2.81,3.6,3.07,4,3.25,3.65,"Si Sa Ket"
4,3.9,3.67,3.9,3.59,3.7,3.53,3.65,"Ubon Ratchathani"
3.6,3.7,3.25,3.8,2.9,3.43,3.62,3.43,"Ubon Ratchathani"
3.9,3.9,3.22,3.9,3.55,3.73,3.92,3.32,"Si Sa Ket"
3.2,4,2.96,4,3.1,3.83,3.1,2.9,"Ubon Ratchathani"
3.9,4,3.42,3.83,3.57,3.7,3.83,3.47,"Khon Kaen"
3.3,3.85,2.82,3.9,3.2,3.85,3.36,3.18,"Kalasin"
3.63,4,3.88,3.91,3.59,3.79,3.86,3.47,"Khon Kaen"
3.3,4,3.18,4,3.02,3.85,3.57,2.58,"Amnat Charoen"
3,3.2,3.72,3.3,3.22,3.58,3.89,2.53,"Ubon Ratchathani"
3.6,4,3.94,3.9,3.66,4,3.67,3.48,"Nakhon Phanom"
1.81,2.7,2.19,2.9,1.75,3,2.05,2.23,"Ubon Ratchathani"
3.4,4,3.34,3.9,3,3.81,3.84,2.5,"Ubon Ratchathani"
4,3.75,3.85,3.7,3.53,3.8,3.66,3.4,"Ubon Ratchathani"
3.27,3.8,3.06,4,3.32,4,3.69,3.08,"Roi Et"
2.3,3.12,1.8,3.4,2.31,3.33,2.02,2.75,"Ubon Ratchathani"
3.4,3.9,2.33,4,2.35,4,4,3.1,"Roi Et"
3.4,3.93,3.89,3.8,3.59,3.8,3.93,3.55,"Surin"
3.31,3.45,3.48,2.6,3.12,3.62,3.03,2.59,"Ubon Ratchathani"
3.3,3.65,2.94,4,3.31,3.75,3.44,2.64,"Si Sa Ket"
3.62,3.56,3.2,3.37,3.22,3.87,3.12,2.18,"Mukdahan"
2.7,3.8,3.88,2.7,3.56,3,3.03,3.05,"Ubon Ratchathani"
3.4,4,3.16,3.4,3.37,3.56,3.1,3.87,"Chon Buri"
3.3,3.85,3.12,3.5,3.38,3.83,3.52,2.19,"Mukdahan"
3.58,3.7,3.74,3.9,3.33,3.8,3.94,3.3,"Surin"
3.7,3.75,3.52,4,2.8,3.56,2.96,3.1,"Khon Kaen"
4,3.85,3.35,4,3.63,3.95,4,3.34,"Ubon Ratchathani"
3.11,4,2.87,3.2,2.56,3.44,2.63,3.22,"Ubon Ratchathani"
4,4,2.85,4,3.24,3.9,4,3.71,"Mukdahan"
3.6,3.9,4,3.8,3.62,3.91,3.8,3.56,"Mukdahan"
3.8,4,4,4,3.91,3.93,4,4,"Mukdahan"
2,3.8,2.77,3.1,2.62,3.63,2.35,2.59,"Ubon Ratchathani"
3.5,3.71,2.96,4,3.56,3.63,3,3.44,"Yasothon"
4,3.95,3.8,4,3.52,3.9,3.33,3.39,"Chaiyaphum"
3.22,3.5,2.91,3.8,2.92,3.92,3.61,3.1,"Si Sa Ket"
4,3.9,3.87,4,3.55,4,3.52,3.73,"Si Sa Ket"
3.7,3.9,2.76,3.4,2.94,3.65,3.8,3.36,"Yasothon"
3.23,3.25,2.6,3.16,3.11,3.12,3.2,3.16,"Ubon Ratchathani"
2.92,3.25,2.38,2.58,2.5,3.91,3.34,2.84,"Ubon Ratchathani"
3.27,3.77,2.77,3.66,3.07,4,3.13,3.62,"Si Sa Ket"
2.41,3.91,2.33,2.91,2.36,3.26,2.85,2.3,"Buri Ram"
3.85,4,4,4,3.93,3.94,4,4,"Mukdahan"
3.5,3.83,2.65,4,2.5,4,4,3.25,"Roi Et"
3.87,3.62,2.75,3.91,2.64,3.77,3.33,3.34,"Ubon Ratchathani"
3.75,3.88,2.69,3.5,3.08,3.66,3.8,3.3,"Yasothon"
2.83,3.5,3.28,3.16,2.99,3.15,3.28,3.12,"Si Sa Ket"
3.69,4,3.58,3.58,3.17,3.84,3.11,3.44,"Roi Et"
3.34,3.58,2.98,3.75,3.02,3.93,3.68,3.25,"Si Sa Ket"
